smile,rt
N=C(N)O,999.0
CCN=C(O)CCC(N)C(=O)O,999.0
Cc1ncc(CO)c(CO)c1O,999.0
CC(=O)OCC1OC(OC(C)=O)C(OC(C)=O)C(OC(C)=O)C1OC(C)=O,999.0
COC(C)C(N)C(=O)O,999.0
N=C(O)Cc1c[nH]c2ccccc12,999.0
O=C(O)C1CCNCC1,999.0
OCCNCCO,999.0
COc1cc(-c2ccc(N)c(OC)c2)ccc1N,999.0
c1c[nH]cn1,999.0
N=C(O)CCC(N)C(=O)O,999.0
CC(O)C(N)C(=O)O,999.0
NC(CO)C(=O)O,999.0
Oc1ncnc2[nH]cnc12,999.0
NC(CCO)C(=O)O,999.0
O=c1c2ccccc2oc2ccccc12,999.0
NC(Cc1c[nH]c2ccccc12)C(=O)O,999.0
CCC(C)C(N)C(=O)O,999.0
COc1ccc2[nH]cc(CCN)c2c1,999.0
c1cnc2[nH]ccc2c1,999.0
CN(C)c1ccc(C=CC=O)cc1,999.0
CC(C)CC(N)C(=O)O,999.0
CC(N)C(=O)O,999.0
C=CC1CN2CCC1CC2C(O)c1ccnc2ccccc12,999.0
O=C(CO)C(OC1OC(CO)C(O)C(O)C1O)C(O)C(O)CO,999.0
NC(CS)C(=O)O,999.0
CC(O)C(=O)O,999.0
COc1cc2c(c(OC)c1OC)-c1ccc(OC)c(=O)cc1C(N=C(C)O)CC2,999.0
N=C(N)NCCCC(N)C(=O)O,999.0
O=C(O)C1CCCN1,999.0
NCCCCC(N)C(=O)O,999.0
N=C(O)CC(N)C(=O)O,999.0
CN1C=C[C](c2ccccc2)c2ccccc21,999.0
CN1CC(O)=NC1=N,999.0
N=c1nc(O)c2nc(CNc3ccc(C(=O)NC(CCC(=O)O)C(=O)O)cc3)cnc2[nH]1,999.0
NC(CCC(=O)O)C(=O)O,999.0
Nc1ccc(C(=O)NCC(=O)O)cc1,999.0
NC(CC(=O)O)C(=O)O,999.0
NC(Cc1ccccc1)C(=O)O,999.0
CC(C)C(N)C(=O)O,999.0
NC(Cc1cnc[nH]1)C(=O)O,999.0
NC(Cc1ccc(O)cc1)C(=O)O,999.0
NC(CCC(=O)O)C(=O)O,999.0
CC1OC(OCC2OC(Oc3c(-c4ccc(O)c(O)c4)oc4cc(O)cc(O)c4c3=O)C(O)C(O)C2O)C(O)C(O)C1O,999.0
Nc1ccccc1C(=O)CC(N)C(=O)O,999.0
CN(C)Cc1ccccc1,999.0
O=C(O)c1cc(O)c2cccc(O)c2n1,999.0
C(=NC1CCCCC1)=NC1CCCCC1,999.0
C1COCCN1,999.0
CC(N)(CO)CO,999.0
O=C(O)c1ccc2ccccc2n1,999.0
CSCCC(N)C(=O)O,999.0
O=C(O)c1cccnc1,999.0
Cc1cc2nc3c(O)nc(=O)nc-3n(CC(O)C(O)C(O)CO)c2cc1C,999.0
O=C(CCc1ccc(O)cc1)c1c(O)cc(O)cc1OC1OC(CO)C(O)C(O)C1O,999.0
NC(Cc1ccc(O)c(O)c1)C(=O)O,999.0
N=c1nc(O)c2nc[nH]c2[nH]1,999.0
O=P(O)(O)OCC1OC(n2cnc3c(O)ncnc32)C(O)C1O,999.0
N=c1nc(O)c2ncn(C3OC(CO)C(O)C3O)c2[nH]1,999.0
OCC1OC(n2cnc3c(O)ncnc32)C(O)C1O,999.0
N=c1ccnc(O)[nH]1,999.0
O=c1c(O)c(-c2ccc(O)cc2O)oc2cc(O)cc(O)c12,999.0
Oc1nc(O)c2nc[nH]c2n1,999.0
N=C(N)NCC(=O)O,999.0
Nc1ncnc2c1ncn2C1OC(CO)C(O)C1O,999.0
NCCCCC(=O)O,999.0
CC1OC(OC2C(Oc3cc(O)c4c(c3)OC(c3ccc(O)cc3)CC4=O)OC(CO)C(O)C2O)C(O)C(O)C1O,999.0
NCCc1c[nH]c2ccccc12,999.0
COc1ccc(Cc2c[nH]c(=N)[nH]c2=N)cc1OC,999.0
CC(OP(=O)(O)O)C(N)C(=O)O,999.0
NC(CCS)C(=O)O,999.0
CSCCC(N)C(=O)O,999.0
NC(CS)C(=O)O,999.0
C=CC1CN2CCC1CC2C(O)c1ccnc2ccccc12,999.0
NCCCC(=O)O,999.0
Nc1nc[nH]c2ncnc1-2,999.0
c1ccc(CNCc2ccccc2)cc1,999.0
O=C(O)CC1OCC=C2CN3CCC45C6=CC(=O)C(=O)C([N+](=O)[O-])=C6NC4C1C2CC35,999.0
Cn1c(=O)c2nc[nH]c2n(C)c1=O,999.0
NC(CCCC(N)C(=O)O)C(=O)O,999.0
NCCS(=O)(=O)O,999.0
CCCC(N)C(=O)O,999.0
NC(CCCC(=O)O)C(=O)O,999.0
CCC(C)C(N)C(=O)O,999.0
COc1ccc2[nH]cc(CC(N)C(=O)O)c2c1,999.0
CC(C)(C)C(N)C(=O)O,999.0
O=C(O)C1CC(O)CN1,999.0
CCC(N)C(=O)O,999.0
NCCC(N)C(=O)O,999.0
CCCCC(N)C(=O)O,999.0
CCCC(N)C(=O)O,999.0
CC(C)=CCNc1nc[nH]c2ncnc1-2,999.0
NCCCC(N)C(=O)O,999.0
NCC(O)=NCC(=O)O,999.0
Cc1cnc(O)nc1O,999.0
Nc1ccc(C(=O)O)cc1,999.0
NCCO,999.0
NCc1ccccc1,999.0
O=P(O)(O)OCC(O)CO,999.0
CC(O)=NC1C(O)OC(CO)C(O)C1O,999.0
O=C(O)CNCC(=O)O,999.0
NC(Cc1ccccc1)C(=O)O,999.0
Cc1cn(C2CC(O)C(CO)O2)c(=O)nc1O,999.0
CC(=N)O,999.0
Cc1cn(C2CC(O)C(COP(=O)(O)O)O2)c(=O)nc1O,999.0
NCCc1ccc(O)cc1,999.0
N=c1nc(O)c2ncn(C3CC(O)C(CO)O3)c2[nH]1,999.0
Cc1ncc(COP(=O)(O)O)c(C=O)c1O,999.0
N=C(O)c1ccc[n+](C2OC(COP(=O)(O)OP(=O)([O-])OCC3OC(n4cnc5c(N)ncnc54)C(O)C3O)C(O)C2O)c1,999.0
N=c1ccn(C2CC(O)C(CO)O2)c(O)n1,999.0
N=c1ccn(C2OC(CO)C(O)C2O)c(O)n1,999.0
Nc1ncnc2c1ncn2C1CC(O)C(CO)O1,999.0
Oc1cc(O)c2c(c1)OC(c1ccc(O)c(O)c1)C(O)C2,999.0
O=C(O)C(O)C(O)C(OC1OC(CO)C(O)C(O)C1O)C(O)CO,999.0
OCC1OC(OC2C(CO)OC(O)C(O)C2O)C(O)C(O)C1O,999.0
CC(O)=NC1C(O)OC(CO)C(O)C1O,999.0
Cc1nnc(-c2ccccc2)c(O)n1,999.0
N#Cc1cc(Br)c(O)c(Br)c1,999.0
CC(C)c1ccc(N)cc1,999.0
Cc1nnc(-c2ccccc2)c(=O)n1N,999.0
CCc1cccc(C)c1N1C(=O)COCC1C,999.0
CCN(CC)C(=O)SCc1ccccc1Cl,999.0
CCCN(CCC)C(=O)SCc1ccccc1,999.0
N#Cc1c(Cl)cccc1Cl,999.0
N=C(O)c1c(Cl)cccc1Cl,999.0
CC(C1CC1)C(O)(Cn1cncn1)c1ccc(Cl)cc1,999.0
N#Cc1cc(I)c(O)c(I)c1,999.0
Nc1cnn(-c2ccccc2)c(=O)c1Cl,999.0
COC=C(C(=O)OC)c1ccccc1Oc1cc(Oc2ccccc2C#N)ncn1,999.0
CSc1nnc(C(C)(C)C)c(=O)n1N,999.0
CC(C)(C)c1nnc(O)n(N)c1=O,999.0
COC(O)=Nc1cccc(OC(O)=Nc2cccc(C)c2)c1,999.0
Fc1ccc(C2(Cn3cncn3)OC2c2ccccc2Cl)cc1,999.0
CCCN(CCOc1c(Cl)cc(Cl)cc1Cl)C(=O)n1ccnc1,999.0
C[Si](Cn1cncn1)(c1ccc(F)cc1)c1ccc(F)cc1,999.0
CCc1cccc(CC)c1N(COC)C(=O)CS(=O)(=O)O,999.0
CCc1cccc(CC)c1N(COC)C(=O)C(=O)O,999.0
CCOCN(C(=O)C(=O)O)c1c(C)cccc1CC,999.0
CCOCN(C(=O)CS(=O)(=O)O)c1c(C)cccc1CC,999.0
CCOCN(C(=O)CCl)c1c(C)cccc1CC,999.0
Cc1ccc(N=CN(C)C=Nc2ccc(C)cc2C)c(C)c1,999.0
CCN=C(O)N=C(O)C(C#N)=NOC,999.0
O=C(Nc1ccc(F)cc1F)c1cccnc1Oc1cccc(C(F)(F)F)c1,999.0
CCOC1Oc2ccc(OS(C)(=O)=O)cc2C1(C)C,999.0
CC1(C)C(=O)Oc2ccc(OS(C)(=O)=O)cc21,999.0
O=[N+]([O-])c1cc(C(F)(F)F)c(Cl)c([N+](=O)[O-])c1Nc1ncc(C(F)(F)F)cc1Cl,999.0
CCN(CC)C(=O)C(C)Oc1cccc2ccccc12,999.0
CC(C)=NOCCOC(=O)C(C)Oc1ccc(Oc2cnc3cc(Cl)ccc3n2)cc1,999.0
CCCN(CCC)c1c([N+](=O)[O-])cc(C(F)(F)F)cc1[N+](=O)[O-],999.0
COC(=O)c1sccc1S(=O)(=O)N=C(O)N=c1nc(C)nc(OC)[nH]1,999.0
COc1nc(C)nc(=N)[nH]1,999.0
COC(=O)c1ccccc1S(N)(=O)=O,999.0
COC(=O)c1ccccc1S(=O)(=O)N=C(O)N=c1nc(C)nc(OC)[nH]1,999.0
COc1cc(OC)nc(N=C(O)NS(=O)(=O)c2ncccc2C(=O)N(C)C)n1,999.0
CCS(=O)(=O)c1cccnc1S(=O)(=O)NC(O)=Nc1nc(OC)cc(OC)n1,999.0
COc1nc(=NC(C)C)[nH]c(=NC(C)C)[nH]1,999.0
CSc1nc(=NC(C)C)[nH]c(=NC(C)C)[nH]1,999.0
Nc1c(Cl)c(F)nc(OCC(=O)O)c1Cl,999.0
COCC(=O)N(c1c(C)cccc1C)C(C)C(=O)OC,999.0
CCN=C(O)C(C)OC(O)=Nc1ccccc1,999.0
N=c1[nH]c2ccccc2[nH]1,999.0
CC1(C)CON(Cc2ccccc2Cl)C1=O,999.0
CCOC(O)=Nc1cccc(OC(O)=Nc2ccccc2)c1,999.0
CC(Cc1ccc(C(C)(C)C)cc1)CN1CC(C)OC(C)C1,999.0
CC(Oc1ccc(Oc2ccc(C(F)(F)F)cn2)cc1)C(=O)O,999.0
Cc1cc(C2CC2)nc(Nc2ccccc2)n1,999.0
O=C1CC(C(=O)O)CC(=O)C1=C(O)C1CC1,999.0
CCOC(=O)C1CC(=O)C(=C(O)C2CC2)C(=O)C1,999.0
CON=C(C(=O)OC)c1ccccc1COc1ccccc1C,999.0
COC(O)=NS(=O)(=O)c1ccc(N)cc1,999.0
CCN=c1nc(OC)[nH]c(=NC(C)C)[nH]1,999.0
CON(C)C(O)=Nc1ccc(Cl)c(Cl)c1,999.0
CN(C)C(=O)Nc1ccc(Cl)cc1,999.0
N#Cc1c[nH]cc1-c1cccc2c1OC(F)(F)O2,999.0
CC(C)(c1ccc(O)cc1)c1ccc(O)cc1,999.0
c1ccc2[nH]nnc2c1,999.0
Cc1ccc2nn[nH]c2c1,999.0
CC(C)NCC(O)COc1ccc(CC(=N)O)cc1,999.0
CC(C)NCC(O)c1ccc(NS(C)(=O)=O)cc1,999.0
CC(C)NCC(O)COc1cccc2ccccc12,999.0
COCCc1ccc(OCC(O)CNC(C)C)cc1,999.0
Nc1ccc(S(=O)(=O)Nc2ncccn2)cc1,999.0
Cc1cc(C)nc(NS(=O)(=O)c2ccc(N)cc2)n1,999.0
COc1cc(NS(=O)(=O)c2ccc(N)cc2)nc(OC)n1,999.0
Nc1ccc(S(=O)(=O)Nc2nccs2)cc1,999.0
CCC1OC(=O)CC(O)C(C)C(OC2OC(C)C(OC3CC(C)(O)C(O)C(C)O3)C(N(C)C)C2O)C(CC=O)CC(C)C(=O)C=CC(C)=CC1COC1OC(C)C(O)C(OC)C1OC,999.0
CCC1OC(=O)C(C)C(OC2CC(C)(OC)C(O)C(C)O2)C(C)C(OC2OC(C)CC(N(C)C)C2O)C(C)(O)CC(C)C(=O)C(C)C(O)C1(C)O,999.0
CCC1OC(=O)C(C)C(OC2CC(C)(OC)C(O)C(C)O2)C(C)C(OC2OC(C)CC(N(C)C)C2O)C(C)(O)CC(C)CN(C)C(C)C(O)C1(C)O,999.0
CCC1OC(=O)C(C)C(OC2CC(C)(OC)C(O)C(C)O2)C(C)C(OC2OC(C)CC(N(C)C)C2O)C(C)(OC)CC(C)C(=O)C(C)C(O)C1(C)O,999.0
CCC1OC(=O)C(C)C(OC2CC(C)(OC)C(O)C(C)O2)C(C)C(OC2OC(C)CC(N(C)C)C2O)C(C)(O)CC(C)C(=NOCOCCOC)C(C)C(O)C1(C)O,999.0
N=C(O)N1c2ccccc2C=Cc2ccccc21,999.0
CCC1(c2ccccc2)C(O)=NCN=C1O,999.0
CNC(=C[N+](=O)[O-])NCCSCc1ccc(CN(C)C)o1,999.0
Cc1ncc([N+](=O)[O-])n1CCO,999.0
COc1cc(Cc2c[nH]c(=N)[nH]c2=N)cc(OC)c1OC,999.0
O=C(O)Cc1ccccc1Nc1c(Cl)cccc1Cl,999.0
COc1ccc2cc(C(C)C(=O)O)ccc2c1,999.0
CC(C)Cc1ccc(C(C)C(=O)O)cc1,999.0
CC(C)(Oc1ccc(Cl)cc1)C(=O)O,999.0
CC(C(=O)O)c1cccc(C(=O)c2ccccc2)c1,999.0
COc1ccc2c(c1)c(CC(=O)O)c(C)n2C(=O)c1ccc(Cl)cc1,999.0
Cc1cccc(Nc2ccccc2C(=O)O)c1C,999.0
CC(C)(Oc1ccc(CCNC(=O)c2ccc(Cl)cc2)cc1)C(=O)O,999.0
CCCC1COC(Cn2cncn2)(c2ccc(Cl)cc2Cl)O1,999.0
CCN(CC)C(=O)c1cccc(C)c1,999.0
COc1ccc(C(=O)c2ccccc2)c(O)c1,999.0
CC(=O)N(CC(O)CO)c1c(I)c(C(O)=NCC(O)CO)c(I)c(C(O)=NCC(O)CO)c1I,999.0
CCn1cc(C(=O)O)c(=O)c2cc(F)c(N3CCNCC3)cc21,999.0
Nc1ccc(S(=O)(=O)Nc2ccccn2)cc1,999.0
CC(O)=Nc1c(C)n(C)n(-c2ccccc2)c1=O,999.0
CC(O)=Nc1c(I)c(N=C(C)O)c(I)c(C(=O)O)c1I,999.0
CN(C(=O)CO)c1c(I)c(C(O)=NCC(O)CO)c(I)c(C(O)=NCC(O)CO)c1I,999.0
CC(O)C(O)=Nc1c(I)c(C(O)=NC(CO)CO)c(I)c(C(O)=NC(CO)CO)c1I,999.0
COCC(O)=Nc1c(I)c(C(=O)N(C)CC(O)CO)c(I)c(C(O)=NCC(O)CO)c1I,999.0
CC(O)=Nc1ccc(O)cc1,999.0
COc1cc(OC)nc(NS(=O)(=O)c2ccc(N=C(C)O)cc2)n1,999.0
CC(O)=Nc1ccc(S(=O)(=O)Nc2nc(C)cc(C)n2)cc1,999.0
CC(O)=Nc1ccc(S(=O)(=O)Nc2ncccn2)cc1,999.0
CC(O)=Nc1ccc(S(=O)(=O)Nc2nccs2)cc1,999.0
CC(C)N1C(=O)c2ccccc2NS1(=O)=O,999.0
COCC(C)N(C(=O)CCl)c1c(C)csc1C,999.0
CC(C)N(Cc1ccccc1)C(=O)C(C)(C)C,999.0
CCC(C)c1cc([N+](=O)[O-])cc([N+](=O)[O-])c1O,999.0
CS(=O)(=O)c1ccc(C(=O)C2C(=O)CCCC2=O)c([N+](=O)[O-])c1,999.0
COCC(C)N(C(=O)C(=O)O)c1c(C)csc1C,999.0
COCC(C)N(C(=O)CS(=O)(=O)O)c1c(C)csc1C,999.0
Cc1cc(Cl)ccc1OCC(=O)O,999.0
CCN=c1nc(Cl)[nH]c(=NCC)[nH]1,999.0
CCc1cccc(C)c1N(C(=O)C(=O)O)C(C)COC,999.0
CCC(C)n1c(O)nc(C)c(Br)c1=O,999.0
O=C(O)COc1ccc(Cl)cc1Cl,999.0
CCc1cccc(C)c1N(C(=O)CCl)C(C)COC,999.0
Cc1cccc(C)c1N(Cn1cccn1)C(=O)CCl,999.0
CC(Oc1ccc(Cl)cc1Cl)C(=O)O,999.0
Cc1ccc(N=C(O)N(C)C)cc1Cl,999.0
CCc1cccc(CC)c1N(COC)C(=O)CCl,999.0
COc1c(Cl)ccc(Cl)c1C(=O)O,999.0
O=C(O)c1cn(C2CC2)c2cc(N3CCNCC3)c(F)cc2c1=O,999.0
CC(C)N=c1[nH]c(O)nc(=N)[nH]1,999.0
CCN=c1nc(O)[nH]c(=NC(C)C)[nH]1,999.0
Cn1sc(Cl)cc1=O,999.0
CSc1nc(=N)nc(NC(C)(C)C)[nH]1,999.0
CCN=c1nc(Cl)nc(NC(C)(C)C)[nH]1,999.0
CC(C)c1ccc(NC(=N)O)cc1,999.0
CC(C)c1ccc(NC(=O)N(C)C)cc1,999.0
CCN=c1[nH]c(Cl)nc(=N)[nH]1,999.0
CCN=c1nc(Cl)[nH]c(=NC(C)C)[nH]1,999.0
N=C(O)Nc1ccc(Cl)c(Cl)c1,999.0
CS(=O)(=O)c1ccc(C(=O)C2C(=O)CCCC2=O)c(Cl)c1,999.0
CN(C)C(O)=Nc1ccc(Cl)c(Cl)c1,999.0
CCOP(=S)(OCC)Oc1cc(C)nc(C(C)C)n1,999.0
CN=C(O)Nc1ccc(Cl)c(Cl)c1,999.0
CN(C)S(=O)(=O)Nc1ccccc1,999.0
Cc1cc(NS(=O)(=O)c2ccc(N)cc2)no1,999.0
CC(O)=Nc1ccc(S(=O)(=O)Nc2cc(C)on2)cc1,999.0
CCCCCCCCn1sccc1=O,999.0
Oc1nsc2ccccc12,999.0
CSc1nc(=NC2CC2)nc(NC(C)(C)C)[nH]1,999.0
Cn1c(=O)c2c(ncn2C)n(C)c1=O,999.0
CN=C(O)Nc1ccc(C(C)C)cc1,999.0
CCCCN=C(O)OCC#CI,999.0
CCN=c1nc(NC(C)(C)C)[nH]c(SC)n1,999.0
Cc1cc(Cl)ccc1OC(C)C(=O)O,999.0
CC(C)N=c1[nH]c(Cl)nc(=N)[nH]1,999.0
OCc1cccc(Oc2ccccc2)c1,999.0
O=C(O)c1cccc(Oc2ccccc2)c1,999.0
CC(C)(C)C(O)(CCc1ccc(Cl)cc1)Cn1cncn1,999.0
OC(Cn1cncn1)(Cn1cncn1)c1ccc(F)cc1F,999.0
Clc1ccccc1C(c1ccccc1)(c1ccccc1)n1ccnc1,999.0
CN=CNc1ccc(C)cc1C,999.0
CNCCC(Oc1ccc(C(F)(F)F)cc1)c1ccccc1,999.0
CC(C)OC(=O)C(C)(C)Oc1ccc(C(=O)c2ccc(Cl)cc2)cc1,999.0
CC(C)(Oc1ccc(C(=O)c2ccc(Cl)cc2)cc1)C(=O)O,999.0
Cc1cc(=O)n(-c2ccccc2)n1C,999.0
Cc1ccc(NS(=O)(=O)N(C)C)cc1,999.0
CN(C)S(N)(=O)=O,999.0
CC(O)=Nc1c(I)c(C(=O)O)c(I)c(C(O)=NCCO)c1I,999.0
c1ccc2scnc2c1,999.0
CCCCCCCCn1sc(Cl)c(Cl)c1=O,999.0
CCN=c1nc(NC(C)(C)C)[nH]c(OC)n1,999.0
CCN=c1nc(O)[nH]c(NC(C)(C)C)n1,999.0
CCc1cccc(C)c1N(C(=O)CS(=O)(=O)O)C(C)COC,999.0
COCCOCCOC,999.0
COc1ccnc(CS(=O)c2nc3ccc(OC(F)F)cc3[nH]2)c1OC,999.0
COc1ccc(C(CN(C)C)C2(O)CCCCC2)cc1,999.0
Nc1ccc(S(=O)(=O)O)cc1,999.0
O=S(=O)(O)c1ccc2ccccc2c1,999.0
O=S(=O)(O)c1ccc2ccc(S(=O)(=O)O)cc2c1,999.0
CCCC1CC(C(O)=NC(C(C)Cl)C2OC(SC)C(O)C(O)C2O)N(C)C1,999.0
CCOC(=O)C1=CC(OC(CC)CC)C(N=C(C)O)C(N)C1,999.0
CCC(CC)OC1C=C(C(=O)O)CC(N)C1N=C(C)O,999.0
CC1COC(=O)c2cc3c(cc21)C(C)(C)C(C)C3(C)C,999.0
C=C1CC2C(CCC3(C)C(=O)CCC23)C2(C)C=CC(=O)C=C12,999.0
CC(C)N(C(=O)CS(=O)(=O)O)c1ccc(F)cc1,999.0
CC(C)N(C(=O)C(=O)O)c1ccc(F)cc1,999.0
CC(C)N(C(=O)CS(=O)(=O)O)c1ccccc1,999.0
CC(C)N(C(=O)C(=O)O)c1ccccc1,999.0
CCN=c1nc(OC)[nH]c(=NCC)[nH]1,999.0
CCN=c1nc(O)[nH]c(=NCC)[nH]1,999.0
CCN=c1nc(OC)[nH]c(=NC(C)CC)[nH]1,999.0
CCN=c1nc(Cl)[nH]c(=NC(C)CC)[nH]1,999.0
CC(C)(C)Nc1nc(Cl)nc(=N)[nH]1,999.0
CC(C)(C)Nc1nc(=N)nc(O)[nH]1,999.0
Oc1ccc(C(F)(F)F)cc1,999.0
COc1ccc(CCN(C)CCCC(C#N)(c2ccc(OC)c(OC)c2)C(C)C)cc1OC,999.0
CC(C)NCC(O)COc1ccc(CC(=O)O)cc1,999.0
Nc1cnnc(O)c1Cl,999.0
Cn1ncc(N)c(Cl)c1=O,999.0
CCOCCN(C(=O)CCl)C(=C(C)C)c1ccccc1,999.0
O=C(O)C(c1ccccc1)C1CCCCN1,999.0
Cc1c(N(C)C)c(=O)n(-c2ccccc2)n1C,999.0
OCC1OC(OC2(CCl)OC(CCl)C(O)C2O)C(O)C(O)C1Cl,999.0
CCc1cc(C)cc(CC)c1-c1c(OC(=O)C(C)(C)C)n2n(c1=O)CCOCC2,999.0
Cc1cccc(C)c1N(Cn1cccn1)C(=O)CS(=O)(=O)O,999.0
Cc1cccc(C)c1N(Cn1cccn1)C(=O)C(=O)O,999.0
COCCN(C(=O)CCl)c1c(C)cccc1C,999.0
CC(C)N(C(=O)CCl)c1ccccc1,999.0
CC(C)N(C(=O)COc1nnc(C(F)(F)F)s1)c1ccc(F)cc1,999.0
O=C(O)c1cc(Br)c(O)c(Br)c1,999.0
Cc1c(N)c(=O)n(-c2ccccc2)n1C,999.0
N=C(O)N1c2ccccc2C2OC2c2ccccc21,999.0
C1=Cc2ccccc2Nc2ccccc21,999.0
CNCC(c1ccc(OC)cc1)C1(O)CCCCC1,999.0
Cc1c(N=CO)c(=O)n(-c2ccccc2)n1C,999.0
CN(C)CC(c1ccc(O)cc1)C1(O)CCCCC1,999.0
COCCN(C(=O)CS(=O)(=O)O)c1c(C)cccc1C,999.0
COCCN(C(=O)C(=O)O)c1c(C)cccc1C,999.0
CN(C)C(=N)NC(=N)N,999.0
CC1(C)CC1C(O)=NC(=CCCCCSCC(N)C(=O)O)C(=O)O,999.0
NCC1(CC(=O)O)CCCCC1,999.0
CCC(C(=N)O)N1CCCC1=O,999.0
Oc1ncc(F)c(O)n1,999.0
COc1cccc(C2(O)CCCCC2CN(C)C)c1,999.0
CCN(CC)CC(O)=Nc1c(C)cccc1C,999.0
O=P1(N(CCCl)CCCl)NCCCO1,999.0
CC(C)c1nc(CN(C)C(O)=NC(C(O)=NC(Cc2ccccc2)CC(O)C(Cc2ccccc2)N=C(O)OCc2cncs2)C(C)C)cs1,999.0
CCCCC(=O)N(Cc1ccc(-c2ccccc2-c2nn[nH]n2)cc1)C(C(=O)O)C(C)C,999.0
NS(=O)(=O)c1cc(C(=O)O)c(NCc2ccco2)cc1Cl,999.0
N=c1ccn(C2OC(CO)C(O)C2(F)F)c(O)n1,999.0
NS(=O)(=O)c1cc2c(cc1Cl)NCNS2(=O)=O,999.0
CC1CC2C3CCC4=CC(=O)C=CC4(C)C3(F)C(O)CC2(C)C1(O)C(=O)CO,999.0
CC1CC2C(C(O)CC3(C)C2CCC3(O)C(=O)CO)C2(C)C=CC(=O)C=C12,999.0
CN1C(=O)CN=C(c2ccccc2)c2cc(Cl)ccc21,999.0
CNCCCC(C#N)(c1ccc(OC)c(OC)c1)C(C)C,999.0
O=c1nc(O)ccn1C1OC(CO)C(O)C1(F)F,999.0
CNCC(c1ccc(O)cc1)C1(O)CCCCC1,999.0
COc1ccc(C(CN)C2(O)CCCCC2)cc1,999.0
N#Cc1nn(-c2c(Cl)cc(C(F)(F)F)cc2Cl)c(N)c1S(=O)C(F)(F)F,999.0
N#Cc1nn(-c2c(Cl)cc(C(F)(F)F)cc2Cl)c(N)c1S(=O)(=O)C(F)(F)F,999.0
N#Cc1nn(-c2c(Cl)cc(C(F)(F)F)cc2Cl)c(N)c1SC(F)(F)F,999.0
N#Cc1nn(-c2c(Cl)cc(C(F)(F)F)cc2Cl)c(N)c1C(F)(F)F,999.0
N=C(O)Cc1ccc(OCC(O)CN)cc1,999.0
O=C(NCCN1CCOCC1)c1ccc(Cl)cc1,999.0
N=c1nnc(-c2cccc(Cl)c2Cl)c(N)[nH]1,999.0
COC(=O)C1C2CC3c4[nH]c5cc(OC)ccc5c4CCN3CC2CC(OC(=O)c2cc(OC)c(OC)c(OC)c2)C1OC,999.0
O=P1(NCCCl)OCCCN1CCCl,999.0
N=C(O)N1c2ccccc2C(O)C(O)c2ccccc21,999.0
Oc1nc(Cl)c(Cl)cc1Cl,999.0
CCOP(=O)(OCC)Oc1cc(C)nc(C(C)C)n1,999.0
Cc1cc(O)nc(C(C)C)n1,999.0
CC(=O)N(C)N(C(=O)C(=O)N(C)C)c1ccccc1,999.0
O=[N+]([O-])NC1=NCCN1Cc1ccc(Cl)nc1,999.0
Cc1cc(Cl)ccc1OCCCC(=O)O,999.0
Cc1nc(N(C)C)nc(OC(=O)N(C)C)c1C,999.0
Cc1cc(C)nc(Nc2ccccc2)n1,999.0
O=C(O)C(F)(F)C(F)(F)C(F)(F)F,999.0
O=C(O)C(F)(F)C(F)(F)C(F)(F)C(F)(F)F,999.0
O=C(O)C(F)(F)C(F)(F)C(F)(F)C(F)(F)C(F)(F)F,999.0
O=C(O)C(F)(F)C(F)(F)C(F)(F)C(F)(F)C(F)(F)C(F)(F)F,999.0
O=C(O)C(F)(F)C(F)(F)C(F)(F)C(F)(F)C(F)(F)C(F)(F)C(F)(F)F,999.0
O=C(O)C(F)(F)C(F)(F)C(F)(F)C(F)(F)C(F)(F)C(F)(F)C(F)(F)C(F)(F)F,999.0
O=C(O)C(F)(F)C(F)(F)C(F)(F)C(F)(F)C(F)(F)C(F)(F)C(F)(F)C(F)(F)C(F)(F)F,999.0
O=C(O)C(F)(F)C(F)(F)C(F)(F)C(F)(F)C(F)(F)C(F)(F)C(F)(F)C(F)(F)C(F)(F)C(F)(F)F,999.0
CCNS(=O)(=O)C(F)(F)C(F)(F)C(F)(F)C(F)(F)C(F)(F)C(F)(F)C(F)(F)C(F)(F)F,999.0
O=C(O)C=C(F)C(F)(F)C(F)(F)C(F)(F)C(F)(F)C(F)(F)F,999.0
O=C(O)C=C(F)C(F)(F)C(F)(F)C(F)(F)C(F)(F)C(F)(F)C(F)(F)C(F)(F)F,999.0
COC=C(C(=O)O)c1ccccc1Oc1cc(Oc2ccccc2C#N)ncn1,999.0
CNC(=C[N+](=O)[O-])NCCS(=O)Cc1ccc(CN(C)C)o1,999.0
CNC(=C[N+](=O)[O-])NCCSCc1ccc(C[N+](C)(C)[O-])o1,999.0
CC(C)(C)C(=O)C(Oc1ccc(Cl)cc1)n1ccnc1,999.0
COc1nc(C(F)(F)F)nc(=NC(O)=NS(=O)(=O)c2ccccc2C(F)(F)F)[nH]1,999.0
CC(C)N=c1nc(Cl)[nH]c(=NC(C)C)[nH]1,999.0
CCCC(C)C1(CC)C(O)=NC(=S)N=C1O,999.0
OC1=Nc2ccc(Cl)cc2C(c2ccccc2)=NC1O,999.0
CN1CCC23c4c5ccc(O)c4OC2C(O)C=CC3C1C5,999.0
CC1=CC(O)=NS(=O)(=O)O1,999.0
CNC(C)C(O)c1ccccc1,999.0
CCN=c1nc(Cl)nc(NC(C)(C)C#N)[nH]1,999.0
CN=C(O)CSP(=S)(OC)OC,999.0
COC(=O)C(Cc1ccccc1)N=C(O)C(N)CC(=O)O,999.0
O=C(O)COCCN1CCN(C(c2ccccc2)c2ccc(Cl)cc2)CC1,999.0
CCCCC1=NC2(CCCC2)C(=O)N1Cc1ccc(-c2ccccc2-c2nn[nH]n2)cc1,999.0
CCCCc1ncc(C=C(Cc2cccs2)C(=O)O)n1Cc1ccc(C(=O)O)cc1,999.0
COc1cc(OC)nc(N=C(O)NS(=O)(=O)c2cc(N=CO)ccc2C(=O)N(C)C)n1,999.0
COC(=O)N(OC)c1ccccc1COc1ccn(-c2ccc(Cl)cc2)n1,999.0
COc1ccc2c3c1OC1C(O)C=CC4C(C2)N(C)CCC341,999.0
CCN(CC)CCN=C(O)c1cc(Cl)c(N)cc1OC,999.0
CCC(CO)NCCNC(CC)CO,999.0
CC12C=CC(=O)C=C1CCC1C2C(O)CC2(C)C1CCC2(O)C(=O)CO,999.0
CCCCCCCCCC[N+](C)(C)[O-],999.0
CCCN(CC)CC1COC2(CCC(C(C)(C)C)CC2)O1,999.0
CC(C)c1nc(N(C)S(C)(=O)=O)nc(-c2ccc(F)cc2)c1C=CC(O)CC(O)CC(=O)O,999.0
CC(NC(C)(C)C)C(=O)c1cccc(Cl)c1,999.0
CCOc1nc2cccc(C(=O)O)c2n1Cc1ccc(-c2ccccc2-c2nn[nH]n2)cc1,999.0
CCCc1nc2c(C)cc(-c3nc4ccccc4n3C)cc2n1Cc1ccc(-c2ccccc2C(=O)O)cc1,999.0
COc1c(C)c2c(c(O)c1CC=C(C)CCC(=O)O)C(=O)OC2,999.0
CC(O)(CS(=O)(=O)c1ccc(F)cc1)C(O)=Nc1ccc(C#N)c(C(F)(F)F)c1,999.0
CC(C)c1c(C(O)=Nc2ccccc2)c(-c2ccccc2)c(-c2ccc(F)cc2)n1CCC(O)CC(O)CC(=O)O,999.0
O=S(=O)(O)NC1CCCCC1,999.0
COc1ccc(CCC(=O)c2c(O)cc(OC3OC(CO)C(O)C(O)C3OC3OC(C)C(O)C(O)C3O)cc2O)cc1O,999.0
COC(=O)C(Cc1ccccc1)N=C(O)C(CC(=O)O)NCCC(C)(C)C,999.0
O=S1(=O)N=C(O)c2ccccc21,999.0
COC(=O)C1C(OC(=O)c2ccccc2)CC2CCC1N2C,999.0
Clc1cccc(N2CCNCC2)c1,999.0
FC(F)(F)c1cccc(N2CCNCC2)c1,999.0
c1ccc(CN2CCNCC2)cc1,999.0
CN(C)CCC=C1c2ccccc2CCc2ccccc21,999.0
CC(N)Cc1ccccc1,999.0
CN1C2CCC1C(C(=O)O)C(OC(=O)c1ccccc1)C2,999.0
COc1ccc2c(c1)C13CCCCC1C(C2)N(C)CC3,999.0
CC=C1N(C)C(C)CC1(c1ccccc1)c1ccccc1,999.0
CNC1(c2ccccc2Cl)CCCCC1=O,999.0
CNC(C)C(=O)c1ccc(C)cc1,999.0
CCC(=O)C(CC(C)N(C)C)(c1ccccc1)c1ccccc1,999.0
CNC(C)Cc1ccccc1,999.0
O=C1CCC2(O)C3Cc4ccc(O)c5c4C2(CCN3CC2CC2)C1O5,999.0
CN1CCN(C2=Nc3cc(Cl)ccc3Nc3ccccc32)CC1,999.0
CNCCC(Oc1ccccc1C)c1ccccc1,999.0
CC(O)=NCCCS(=O)(=O)O,999.0
CC(C)(C)NCC(O)c1ccc(O)c(CO)c1,999.0
CCN1CCCC1CN=C(O)c1cc(S(=O)(=O)CC)c(N)cc1OC,999.0
O=C(O)C(c1ccccc1Cl)N1CCc2sccc2C1,999.0
CCCCc1oc2ccc(NS(C)(=O)=O)cc2c1C(=O)c1ccc(OCCCN(CCCC)CCCC)cc1,999.0
c1ccc(C2CN3CCSC3=N2)cc1,999.0
CCC(C)C(=O)OC1CC(O)C=C2C=CC(C)C(CCC(O)CC(O)CC(=O)O)C21,999.0
CC(CN(C)C)CN1c2ccccc2CCc2ccccc21,999.0
CC(=O)OC1C(C)OC(n2cc(F)c(=N)nc2O)C1OC(C)=O,999.0
CN(CC(O)CO)C(=O)c1c(I)c(N=C(O)C(CO)CO)c(I)c(C(=O)N(C)CC(O)CO)c1I,999.0
CN(C)CCCC1(c2ccc(F)cc2)OCc2cc(C#N)ccc21,999.0
CC(=O)SC1CC2=CC(=O)CCC2(C)C2CCC3(C)C(CCC34CCC(=O)O4)C12,999.0
NC(CC(=O)N1CCn2c(nnc2C(F)(F)F)C1)Cc1cc(F)c(F)cc1F,999.0
O=C(O)CNS(=O)(=O)C(F)(F)C(F)(F)C(F)(F)C(F)(F)C(F)(F)C(F)(F)C(F)(F)C(F)(F)F,999.0
CN(CC(=O)O)S(=O)(=O)C(F)(F)C(F)(F)C(F)(F)C(F)(F)C(F)(F)C(F)(F)C(F)(F)C(F)(F)F,999.0
CCN(CC(=O)O)S(=O)(=O)C(F)(F)C(F)(F)C(F)(F)C(F)(F)C(F)(F)C(F)(F)C(F)(F)C(F)(F)F,999.0
O=P(O)(OCCC(F)(F)C(F)(F)C(F)(F)C(F)(F)C(F)(F)C(F)(F)F)OCCC(F)(F)C(F)(F)C(F)(F)C(F)(F)C(F)(F)C(F)(F)F,999.0
O=P(O)(OCCC(F)(F)C(F)(F)C(F)(F)C(F)(F)C(F)(F)C(F)(F)C(F)(F)C(F)(F)F)OCCC(F)(F)C(F)(F)C(F)(F)C(F)(F)C(F)(F)C(F)(F)C(F)(F)C(F)(F)F,999.0
O=P(O)(O)OCCC(F)(F)C(F)(F)C(F)(F)C(F)(F)C(F)(F)C(F)(F)F,999.0
O=P(O)(O)OCCC(F)(F)C(F)(F)C(F)(F)C(F)(F)C(F)(F)C(F)(F)C(F)(F)C(F)(F)F,999.0
OC(=Nc1cc(Cl)c(F)c(Cl)c1F)N=C(O)c1c(F)cccc1F,999.0
CN=C(NCc1cnc(Cl)s1)N[N+](=O)[O-],999.0
CC1COC(Cn2cncn2)(c2ccc(Oc3ccc(Cl)cc3)cc2Cl)O1,999.0
COc1cccc(C(O)=NN(C(=O)c2cc(C)cc(C)c2)C(C)(C)C)c1C,999.0
Cc1ccc(C(C)N=C(O)C(N=C(O)OC(C)C)C(C)C)cc1,999.0
CN=C(O)Oc1cc(C)c(SC)c(C)c1,999.0
OC(=Nc1ccccc1-c1ccc(Cl)cc1)c1cccnc1Cl,999.0
COCc1cnc(C2=NC(=O)C(C)(C(C)C)N2)c(C(=O)O)c1,999.0
CCOC(O)=NCCOc1ccc(Oc2ccccc2)cc1,999.0
CN1COCN(Cc2cnc(Cl)s2)C1=N[N+](=O)[O-],999.0
CN=C(O)ON=C(C)SC,999.0
N#CCN=C(O)c1cnccc1C(F)(F)F,999.0
COc1ccc(C(=CC(=O)N2CCOCC2)c2ccc(Cl)cc2)cc1OC,999.0
CCCOC(O)=NCCCN(C)C,999.0
O=C(O)COc1nc(Cl)c(Cl)cc1Cl,999.0
CC1=NN=C(O)N(N=Cc2cccnc2)C1,999.0
O=c1c2c(nc(O)n1C1CCCCC1)CCC2,999.0
CCOP(=S)(OCC)Oc1nc(Cl)c(Cl)cc1Cl,999.0
COP(=S)(OC)Oc1nc(Cl)c(Cl)cc1Cl,999.0
CCc1ccc(C(=O)NN(C(=O)c2cc(C)cc(C)c2)C(C)(C)C)cc1,999.0
CN=C(O)Oc1cc(C)c(S(C)=O)c(C)c1,999.0
N#CN=C1SCCN1Cc1ccc(Cl)nc1,999.0
N=C(O)N=C1SCCN1Cc1ccc(Cl)nc1,999.0
OC1=NCCN1Cc1ccc(Cl)nc1,999.0
CCCCC(C#N)(Cn1cncn1)c1ccc(Cl)cc1,999.0
CC(Cc1ccc(C(C)(C)C)cc1)CN1CCCCC1,999.0
CC(=NC#N)N(C)Cc1ccc(Cl)nc1,999.0
OC(=Nc1ccc(Cl)c(Cl)c1)Nc1ccc(Cl)cc1,999.0
C=C1C(O)=NC(C)C(O)=NC(CC(C)C)C(O)=NC(C(=O)O)C(C)C(O)=NC(CCCNC(=N)N)C(O)=NC(C=CC(C)=CC(C)C(Cc2ccccc2)OC)C(C)C(O)=NC(C(=O)O)CCC(=O)N1C,999.0
O=C(O)c1ccccc1Nc1cccc(C(F)(F)F)c1,999.0
Oc1ccc(Cl)cc1,999.0
CCC(C)(C)C(=O)OC1CC(C)C=C2C=CC(C)C(CCC3CC(O)CC(=O)O3)C21,999.0
CCCCCC=CCC=CCCCCCCCC(=O)OCC(COP(=O)([O-])OCC[N+](C)(C)C)OC(=O)CCCCCCCC=CCC=CCCCCC,999.0
CCCCCCCCC=CCCCCCCCC(=O)OCC(COP(=O)(O)OCC(O)CO)OC(=O)CCCCCCCC=CCCCCCCCC,999.0
CCCCCCCCC=CCCCCCCCC(=O)OCC(COP(=O)([O-])OCC[N+](C)(C)C)OC(=O)CCCCCCCC=CCCCCCCCC,999.0
CCCCCCCCC=CCCCCCCCC(=O)OCC(COP(=O)(O)OCCN)OC(=O)CCCCCCCC=CCCCCCCCC,999.0
CCCCCC=CCC=CCCCCCCCC(=O)OCC(O)CO,999.0
CCCCCCC=CCCCCCCCC(=O)OCC(O)CO,999.0
CCCCCCCCC=CCCCCCCCC(=O)OCC(O)CO,999.0
CCCCCCCCCCCCCCCC(=O)OCC(O)COP(=O)([O-])OCC[N+](C)(C)C,999.0
CC(C)C(O)CCC(C)C1CCC2C3CC=C4CC(O)CCC4(C)C3CCC12C,999.0
CC(C)CCCC(C)C1CCC2C3CCC4CCCCC4(C)C3CCC12C,999.0
CCCCCCCCCCCCCCCCCCCC(=O)O,999.0
CCCCCCCCCCCCCCCCCCCCCC(=O)O,999.0
CCC(CCC(C)C1CCC2C3CC=C4CC(OC5OC(CO)C(O)C(O)C5O)CCC4(C)C3CCC12C)C(C)C,999.0
CC(C)C(C)C=CC(C)C1CCC2C3CC=C4CC(O)CCC4(C)C3CCC12C,999.0
CCC(CCC(C)C1CCC2C3CC=C4CC(O)CCC4(C)C3CCC12C)C(C)C,999.0
CCCCCCCCCCCCCCCC(=O)OC(CC(=O)[O-])C[N+](C)(C)C,999.0
CC(=O)OC(CC(=O)[O-])C[N+](C)(C)C,999.0
CC(CCC(=O)O)C1CCC2C3C(O)CC4CC(O)CCC4(C)C3CC(O)C12C,999.0
CC(C)C(C)CCC(C)C1CCC2C3CC=C4CC(O)CCC4(C)C3CCC12C,999.0
CC(CCC(=O)O)C1CCC2C3C(O)CC4CC(O)CCC4(C)C3CCC12C,999.0
CCCCCCCCCCCCCC=CC(O)C(CO)N=C(O)CCCCCCCCCCCCCCCCC,999.0
CC(C)CCCC(C)C1CCC2C3CC4OC45CC(O)CCC5(C)C3CCC12C,999.0
CC(C)CCCC(C)C1CCC2C3CCC4CC(O)CCC4(C)C3CCC12C,999.0
CC(C)CCCC(C)C1CCC2C3CC=C4CC(O)CCC4(C)C3CCC12C,999.0
CCCCCCCCC=CCCCCCCCCCC(=O)O,999.0
CCCCCCC=CCCCCCCCCCC(=O)O,999.0
CC(CCC(=O)O)C1CCC2C3CCC4CC(O)CCC4(C)C3CC(O)C12C,999.0
CC(C)=CCCC(C)C1CCC2C3CC=C4CC(O)CCC4(C)C3CCC12C,999.0
CCC=CCC=CCC=CCC=CCC=CCC=CCCC(=O)O,999.0
CCCCCCCCCCCCCC=CC(O)C(N)CO,999.0
CC(C)C(C)C=CC(C)C1CCC2C3=CC=C4CC(O)CCC4(C)C3CCC21C,999.0
CCCCCCCCC=CCCCCCCCCCCCC(=O)O,999.0
C[N+](C)(C)CC(O)CC(=O)[O-],999.0
CC(CCC(O)=NCC(=O)O)C1CCC2C3C(O)CC4CC(O)CCC4(C)C3CC(O)C12C,999.0
CC(CCC(O)=NCC(=O)O)C1CCC2C3C(O)CC4CC(O)CCC4(C)C3CCC12C,999.0
CC(CCC(O)=NCC(=O)O)C1CCC2C3CCC4CC(O)CCC4(C)C3CC(O)C12C,999.0
CC(CCC(O)=NCC(=O)O)C1CCC2C3CCC4CC(O)CCC4(C)C3CCC12C,999.0
CCCCCC=CCC=CCCCCCCCC(=O)OCC(COC(=O)CCCCCCCC=CCC=CCCCCC)OC(=O)CCCCCCCC=CCC=CCCCCC,999.0
CCCCCCCCC=CCCCCCCCC(=O)OCC(COC(=O)CCCCCCCC=CCCCCCCCC)OC(=O)CCCCCCCC=CCCCCCCCC,999.0
CCCCCCCCCCCCCCCC(=O)OCC(COC(=O)CCCCCCCCCCCCCCC)OC(=O)CCCCCCCCCCCCCCC,999.0
CCCCCCC=CCCCCCCCC(=O)OCC(COC(=O)CCCCCCCC=CCCCCCC)OC(=O)CCCCCCCC=CCCCCCC,999.0
CCCCCCCCCCCCCCCCCC(=O)OCC(COC(=O)CCCCCCCCCCCCCCCCC)OC(=O)CCCCCCCCCCCCCCCCC,999.0
CC(CCC(O)=NCC(=O)O)C1CCC2C3C(O)CC4CC(O)CCC4(C)C3CCC12C,999.0
CC(CCC(=O)O)C1CCC2C3CC(O)C4CC(O)CCC4(C)C3CCC12C,999.0
CC(C)=CCCC(C)C1CCC2(C)C3=C(CCC12C)C1(C)CCC(O)C(C)(C)C1CC3,999.0
CC(CCC(=O)O)C1CCC2C3CCC4CC(O)CCC4(C)C3CCC12C,999.0
CCCCCCCCCCCCCCCCCCCCCCCC(=O)O,999.0
CCCCCC=CCC=CCCCCCCCC(=O)O,999.0
CCC=CCC=CCC=CCCCCCCCC(=O)O,999.0
C=C(C)C1CCC2(C)CCC3(C)C(CCC4C5(C)CCC(O)C(C)(C)C5CCC43C)C12,999.0
CCCCCCCCCCCCCCCCC(=O)O,999.0
CC(CCC(=O)O)C1CCC2C3C(O)C(O)C4CC(O)CCC4(C)C3CCC12C,999.0
CCCCC=CCCCCCCCC(=O)O,999.0
CCCCCCCCCCCCCC(=O)O,999.0
CCCCCCCC(=O)O,999.0
CC1(C)CCC2(C(=O)O)CCC3(C)C(=CCC4C5(C)CCC(O)C(C)(C)C5CCC43C)C2C1,999.0
CCCCCCCCC=CCCCCCCCC(=O)O,999.0
CCCCCCCCC=CCCCCCCCC(=O)OC(CC(=O)[O-])C[N+](C)(C)C,999.0
CCCCCCCCCCCCCCCC(=O)O,999.0
CCCCCCC=CCCCCCCCC(=O)O,999.0
CC(=O)C1CCC2C3CCC4=CC(=O)CCC4(C)C3CCC12C,999.0
NC(COP(=O)(O)O)C(=O)O,999.0
CCCCCCCCCCCCCCCCCC(=O)O,999.0
CCC(C=CC(C)C1CCC2C3CC=C4CC(O)CCC4(C)C3CCC12C)C(C)C,999.0
CC(CCC(O)=NCCS(=O)(=O)O)C1CCC2C3C(O)CC4CC(O)CCC4(C)C3CC(O)C12C,999.0
CC(CCC(O)=NCCS(=O)(=O)O)C1CCC2C3C(O)CC4CC(O)CCC4(C)C3CCC12C,999.0
CC(CCC(O)=NCCS(=O)(=O)O)C1CCC2C3CCC4CC(O)CCC4(C)C3CC(O)C12C,999.0
NC(CF)(C(=O)O)C(O)CCc1ccccc1,999.0
CCCCCCCCCCCCCCCCC(=O)OCC(COC(=O)CCCCCCCCCCCCCCCC)OC(=O)CCCCCCCCCCCCCCCC,999.0
CC(CCC(O)=NCCS(=O)(=O)O)C1CCC2C3C(O)CC4CC(O)CCC4(C)C3CCC12C,999.0
CC(CCC(=O)O)C1CCC2C3C(O)CC4CC(O)CCC4(C)C3CCC12C,999.0
CC1CCC2(CO)CCC3(C)C(=CCC4C5(C)CCC(O)C(C)(C)C5CCC43C)C2C1C,999.0
Oc1cc(O)c2c(c1)OC(c1ccc(O)c(O)c1)C(O)C2,999.0
O=C(OC1Cc2c(O)cc(O)cc2OC1c1ccc(O)c(O)c1)c1cc(O)c(O)c(O)c1,999.0
Oc1cc(O)c2c(c1)OC(c1cc(O)c(O)c(O)c1)C(O)C2,999.0
O=C(OC1Cc2c(O)cc(O)cc2OC1c1cc(O)c(O)c(O)c1)c1cc(O)c(O)c(O)c1,999.0
O=C(O)c1cc(O)cc(O)c1,999.0
O=C(O)c1ccc(O)cc1,999.0
OCC1OC(Oc2cc(O)cc(C=Cc3ccc(O)c(O)c3)c2)C(O)C(O)C1O,999.0
O=C1CC(c2ccc(O)c(O)c2)c2c(cc(O)c3c2OC(c2ccc(O)c(O)c2)C(O)C3)O1,999.0
O=C(C=Cc1ccc(O)c(O)c1)OC(C(=O)O)C(O)C(=O)O,999.0
Oc1ccc(C=Cc2cc(O)cc3c2C(c2cc(O)cc(O)c2)C(c2ccc(O)cc2)O3)cc1,999.0
OCC1OC(Oc2cc(O)cc(C=Cc3ccc(O)cc3)c2)C(O)C(O)C1O,999.0
Oc1ccc(C=Cc2cc(O)cc(O)c2)cc1,999.0
O=c1oc2c(O)c(O)cc3c(=O)oc4c(O)c(O)cc1c4c23,999.0
Oc1ccc(C2Oc3cc(O)cc(O)c3CC2O)cc1,999.0
O=c1ccc2cc(O)c(O)cc2o1,999.0
COc1cc(C=CC(=O)OC(C(=O)O)C(O)C(=O)O)ccc1O,999.0
COc1cc2ccc(=O)oc2c(OC2OC(CO)C(O)C(O)C2O)c1O,999.0
COc1ccc(C2CC(=O)c3c(O)cc(O)cc3O2)cc1O,999.0
Oc1ccc(C2Oc3cc(O)cc4c3C2c2cc(O)cc(O)c2C(c2ccc(O)cc2)C4C2c3cc(O)cc4c3C(c3cc(O)cc(O)c3C2c2ccc(O)cc2)C(c2ccc(O)cc2)O4)cc1,999.0
COc1cc(-c2oc3cc(O)cc(O)c3c(=O)c2OC2OC(CO)C(O)C(O)C2O)ccc1O,999.0
COc1cc(-c2oc3cc(O)cc(O)c3c(=O)c2OC2OC(COC3OC(C)C(O)C(O)C3O)C(O)C(O)C2O)ccc1O,999.0
COc1cc(C=Cc2cc(O)cc(OC3OC(CO)C(O)C(O)C3O)c2)ccc1O,999.0
O=c1c(OC2OC(CO)C(O)C(O)C2O)c(-c2ccc(O)cc2)oc2cc(O)cc(O)c12,999.0
CC1OC(OCC2OC(Oc3c(-c4ccc(O)cc4)oc4cc(O)cc(O)c4c3=O)C(O)C(O)C2O)C(O)C(O)C1O,999.0
O=c1cc(-c2ccc(O)c(O)c2)oc2cc(OC3OC(CO)C(O)C(O)C3O)cc(O)c12,999.0
COC(=O)c1cc(O)c(O)c(O)c1,999.0
O=c1c(O)c(-c2cc(O)c(O)c(O)c2)oc2cc(O)cc(O)c12,999.0
O=C1CC(c2ccc(O)cc2)Oc2cc(O)cc(O)c21,999.0
O=C1CC(c2ccc(O)cc2)Oc2cc(OC3OC(CO)C(O)C(O)C3O)cc(O)c21,999.0
O=C(O)C=Cc1ccccc1O,999.0
COc1cc(C2=C(OC3OC(CO)C(O)C(O)C3O)c3cc(=O)oc4cc(O)cc(c34)O2)cc(OC)c1O,999.0
Oc1ccc(C2c3c(O)cc(O)cc3C3C(c4ccc(O)cc4)c4c(O)cc(O)cc4C23)cc1,999.0
O=C(CCc1ccc(O)cc1)c1c(O)cc(O)cc1OC1OC(CO)C(O)C(O)C1O,999.0
Oc1cc(O)cc(C=Cc2ccc(O)c(O)c2)c1,999.0
Oc1cc(O)c2c(c1)OC(c1ccc(O)c(O)c1)C(O)C2c1c(O)cc(O)c2c1OC(c1ccc(O)c(O)c1)C(O)C2,999.0
COc1cc(C=Cc2ccc(O)cc2)cc(OC)c1,999.0
O=c1c(OC2OC(CO)C(O)C(O)C2O)c(-c2ccc(OC3OC(CO)C(O)C(O)C3O)c(O)c2)oc2cc(O)cc(O)c12,999.0
O=C(O)C1OC(Oc2c(-c3ccc(O)c(O)c3)oc3cc(O)cc(O)c3c2=O)C(O)C(O)C1O,999.0
O=c1c(O)c(-c2ccc(OC3OC(CO)C(O)C(O)C3O)c(O)c2)oc2cc(O)cc(O)c12,999.0
O=c1c(OS(=O)(=O)O)c(-c2ccc(O)c(O)c2)oc2cc(O)cc(O)c12,999.0
O=c1c(OC2OC(C(O)CO)C(O)C2O)c(-c2ccc(O)c(O)c2)oc2cc(O)cc(O)c12,999.0
CC1OC(OCC2OC(Oc3c(-c4ccc(O)c(O)c4)oc4cc(O)cc(O)c4c3=O)C(O)C(O)C2O)C(O)C(O)C1O,999.0
COc1cc(C(=O)O)cc(OC)c1O,999.0
O=C1c2c(O)cc(O)cc2OC(c2ccc(O)c(O)c2)C1O,999.0
O=C(C=Cc1ccc(O)cc1)OC(C(=O)O)C(O)C(=O)O,999.0
O=C(CCc1ccc(O)cc1)c1c(O)cc(O)c(C2OC(CO)C(O)C(O)C2O)c1O,999.0
COc1cc(O)c2c(=O)c(O)c(-c3ccc(O)c(OC)c3)oc2c1,999.0
CC1OC(OC2C(Oc3cc(O)c4c(c3)OC(c3ccc(O)cc3)CC4=O)OC(CO)C(O)C2O)C(O)C(O)C1O,999.0
COC1OC(C(=O)O)C(O)C(O)C1O,999.0
COC(=O)C1=COC(O)C2C(CO)=CCC12,999.0
COc1cc(C2=C(OC3OC(CO)C(O)C(O)C3O)c3cc(C(=O)[O-])[o+]c4cc(O)cc(c34)O2)cc(OC)c1O,999.0
COc1cc(C2=C(OC3OC(CO)C(O)C(O)C3O)c3cc[o+]c4cc(O)cc(c34)O2)cc(OC)c1[O-],999.0
COc1cc(C2=C(OC3OC(CO)C(O)C(O)C3O)c3cc(C)[o+]c4cc(O)cc(c34)O2)cc(OC)c1[O-],999.0
CCOC(=O)c1cc(O)c(O)c(O)c1,999.0
O=C(Oc1cc(O)cc2c1CC(O)C(c1ccc(O)c(O)c1)O2)c1cc(O)c(O)c(O)c1,999.0
CC1=CCCC(C)(C)C12CCC(C)O2,999.0
CC(C)=C1CCC(C)CC1=O,999.0
NCCCN,999.0
O=C(C=Cc1ccc(O)c(O)c1)OC1CC(OC(=O)C=Cc2ccc(O)c(O)c2)(C(=O)O)CC(O)C1O,999.0
NCCCCN,999.0
CCCCCC(O)C=CC=CCC=CCC=CCCCC(=O)O,999.0
O=C(O)Cc1c[nH]c2ccccc12,999.0
O=C(O)c1c(O)cccc1O,999.0
N=c1nc(O)c2ncn(C3CC(O)C(COP(=O)(O)O)O3)c2[nH]1,999.0
O=C(O)C(=O)C(O)C(O)C(O)CO,999.0
O=C(O)CCC(=O)C(=O)O,999.0
C=Cc1ccc(O)c(OC)c1,999.0
CCC(C)C(=O)O,999.0
CCC(C)CN,999.0
CC(C)C(=O)OCCOc1ccccc1,999.0
OC1=NCCC1,999.0
CCOc1cc(C=O)ccc1O,999.0
CC(O)(CC(=O)O)CC(=O)O,999.0
O=Cc1cccc(O)c1,999.0
Cc1c[nH]c2ccccc12,999.0
CC(=O)CCc1ccc(O)cc1,999.0
Nc1ccc(C(=O)O)cc1,999.0
CN(C)c1ccc(C=CC=O)cc1,999.0
O=c1cc(O)oc2ccccc12,999.0
Cc1cc(=O)oc2cc(O)ccc12,999.0
Oc1ccc(C=Cc2ccccc2)cc1,999.0
O=Cc1ccc(CO)o1,999.0
O=C(O)C(O)C(O)C(O)C(=O)CO,999.0
Cc1ccc(C=O)o1,999.0
COc1ccc2oc(-c3ccccc3)cc(=O)c2c1,999.0
CC(C=CC1(O)C(C)=CC(=O)CC1(C)C)=CC(=O)O,999.0
COc1cc(C(C)=O)ccc1O,999.0
CC(O)=NC(CS)C(=O)O,999.0
Nc1ncnc2c1ncn2C1OC(CO)C(O)C1OP(=O)(O)O,999.0
Nc1ncnc2c1ncn2C1OC(COP(=O)(O)O)C(O)C1O,999.0
O=C(O)CC(Nc1ncnc2c1ncn2C1OC(COP(=O)(O)O)C(O)C1O)C(=O)O,999.0
O=C(O)CCCCC(=O)O,999.0
OCC(O)C(O)C(O)CO,999.0
N=C(N)NCCCCN,999.0
CC(N)C(=O)O,999.0
OCC1OC(O)C(O)C(O)C1O,999.0
N=C(O)CCCCC1CCSS1,999.0
Cc1c(C)c2c(c(C)c1O)CCC(C)(CCCC(C)CCCC(C)CCCC(C)C)O2,999.0
O=CC(O)C(O)C(O)C(O)CO,999.0
Oc1ccc(C=C2c3cc(O)cc(O)c3C(c3ccc(O)cc3)C2c2cc(O)cc(O)c2)cc1,999.0
COc1ccc(C=O)cc1,999.0
Oc1ccc(C2Oc3cc(O)c4c(c3C2c2cc(O)cc(O)c2)C2C(c3ccc(O)cc3)c3c(O)cc5c(c3C2C4c2ccc(O)cc2)C(c2cc(O)cc(O)c2)C(c2ccc(O)cc2)O5)cc1,999.0
N#CC(OC1OC(COC2OC(CO)C(O)C(O)C2O)C(O)C(O)C1O)c1ccccc1,999.0
Nc1ccccc1C(=O)O,999.0
O=c1cc(-c2ccc(O)cc2)oc2cc(O)cc(O)c12,999.0
O=c1cc(-c2ccc(O)cc2)oc2cc(OC3OC(CO)C(O)C(O)C3O)cc(O)c12,999.0
O=c1cc(-c2ccc(O)cc2)oc2cc(OC3OC(CO)C(O)C(O)C3OC3OCC(O)(CO)C3O)cc(O)c12,999.0
O=CC(O)C(O)C(O)CO,999.0
CCCCCC=CCC=CCC=CCC=CCCCC(=O)O,999.0
OCC1OC(Oc2ccc(O)cc2)C(O)C(O)C1O,999.0
Oc1ccc(C2Oc3cc(O)cc4c3C2c2cc(O)cc3c2C(c2cc(O)cc5c2C4C(c2ccc(O)cc2)O5)C(c2ccc(O)cc2)O3)cc1,999.0
O=c1cc(-c2ccccc2)oc2cc(O)c(O)c(O)c12,999.0
CCCCCCCCCCCCCCCCCCCCCC(=O)O,999.0
O=C(O)c1ccccc1,999.0
O=C(c1ccccc1)c1ccccc1,999.0
O=C(OCc1ccccc1)c1ccccc1,999.0
C[N+](C)(C)CC(=O)[O-],999.0
O=C(O)c1ccc(O)cc1O,999.0
C=C(C)C1CCC2(C(=O)O)CCC3(C)C(CCC4C5(C)CCC(O)C(C)(C)C5CCC43C)C12,999.0
C=CC1=C(C)C(=Cc2[nH]c(Cc3[nH]c(C=C4NC(=O)C(C)=C4C=C)c(C)c3CCC(=O)O)c(CCC(=O)O)c2C)NC1=O,999.0
CC1=C(C=CC(C)O)C(C)(C)CCC1,999.0
O=C(O)CCCCC1SCC2N=C(O)NC21,999.0
CCCCCCCCCCCCCCCCCC(=O)OCCCC,999.0
NCCCCCN,999.0
O=C(O)C=Cc1ccc(O)c(O)c1,999.0
Cn1c(=O)c2c(ncn2C)n(C)c1=O,999.0
CC12CCC(CC1=O)C2(C)C,999.0
OCC1OC(OC2C(CO)OC(O)C(O)C2O)C(O)C(O)C1O,999.0
CC(CCC(=O)O)C1CCC2C3C(O)CC4CC(O)CCC4(C)C3CCC12C,999.0
C=CC1CN2CCC1CC2C(O)c1ccnc2ccccc12,999.0
O=C(C=Cc1ccc(O)c(O)c1)OC1CC(O)(C(=O)O)CC(O)C1O,999.0
CC(C)CCCC(C)C1CCC2C3CC=C4CC(O)CCC4(C)C3CCC12C,999.0
CC(C)CCCC(C)C1CCC2C3CC4OC45CC(O)CCC5(C)C3CCC12C,999.0
CC(CCC(=O)O)C1CCC2C3C(O)CC4CC(O)CCC4(C)C3CC(O)C12C,999.0
C[N+](C)(C)CCO,999.0
O=c1cc(-c2ccccc2)oc2cc(O)cc(O)c12,999.0
O=C(O)C=Cc1ccccc1,999.0
CCCCCCCCC=CCCCCCCCCCC(=O)O,999.0
CC(O)(CC(=O)O)C(=O)O,999.0
O=C(O)CC(O)(CC(=O)O)C(=O)O,999.0
CC(C)=CCCC(C)CCOC1(O)C(O)OC(CO)C(O)C1O,999.0
COc1cc(C=CCO)ccc1O,999.0
COc1cc(C=CC=O)ccc1O,999.0
O=C(C=Cc1ccc(O)c(O)c1)OC1C(O)CC(O)(C(=O)O)CC1O,999.0
CC(C)c1ccc(C=O)cc1,999.0
[O-]c1cc2c(O)cc(O)cc2[o+]c1-c1ccc(O)c(O)c1,999.0
[O-]c1cc(-c2[o+]c3cc(O)cc(O)c3cc2OC2OC(CO)C(O)C(O)C2O)ccc1O,999.0
[O-]c1cc(-c2[o+]c3cc(O)cc(O)c3cc2OC2OC(CO)C(O)C(O)C2(O)OC2OCC(O)C(O)C2O)ccc1O,999.0
[O-]c1cc(-c2[o+]c3cc(O)cc(O)c3cc2OC2OC(CO)C(O)C(O)C2OC2OC(CO)C(O)C(O)C2O)ccc1O,999.0
[O-]c1cc(-c2[o+]c3cc(O)cc(OC4OC(CO)C(O)C(O)C4O)c3cc2OC2OC(CO)C(O)C(O)C2O)ccc1O,999.0
[O-]c1cc(-c2[o+]c3cc(O)cc(O)c3cc2OC2OCC(O)C(O)C2O)ccc1O,999.0
CC1OC(OCC2OC(Oc3cc4c(O)cc(O)cc4[o+]c3-c3ccc(O)c([O-])c3)C(O)C(O)C2O)C(O)C(O)C1O,999.0
O=C(CO)C(O)C(O)C(O)CO,999.0
OCC1OC(O)C(O)C1O,999.0
OCc1ccccc1OC1OC(CO)C(O)C(O)C1O,999.0
CC(O)C(O)C(O)C(O)C=O,999.0
O=CC(O)C(O)C(O)C(O)C(=O)O,999.0
OCC1OC(OC2OC(CO)C(O)C(O)C2O)C(O)C(O)C1O,999.0
O=c1c(-c2ccc(O)cc2)coc2cc(O)ccc12,999.0
O=c1cc(O)c2cccc(O)c2o1,999.0
CCCCCCCCCC(=O)O,999.0
O=C1OC(C(O)CO)C(=O)C1=O,999.0
[O-]c1c(O)cc(-c2[o+]c3cc(O)cc(O)c3cc2O)cc1O,999.0
CC1OC(OCC2OC(Oc3cc4c(O)cc(O)cc4[o+]c3-c3cc(O)c([O-])c(O)c3)C(O)C(O)C2O)C(O)C(O)C1O,999.0
[O-]c1c(O)cc(-c2[o+]c3cc(O)cc(O)c3cc2OC2OC(CO)C(O)C(O)C2O)cc1O,999.0
CC(CCC(=O)O)C1CCC2C3CCC4CC(O)CCC4(C)C3CC(O)C12C,999.0
CCNCC,999.0
CC(=O)C=CC1C(C)CCCC1(C)C,999.0
O=C1c2c(O)cc(O)cc2OC(c2ccc(O)cc2)C1O,999.0
CCCCCCCCCCCC=CC=CC=CC=CC=CC(=O)O,999.0
CC(C)(CO)C(O)C(O)=NCCC(=O)O,999.0
Oc1ccc(C=Cc2cc(O)cc3c2C(c2cc(O)cc4c2C(c2cc(O)cc(O)c2)C(c2ccc(O)cc2)O4)C(c2ccc(O)cc2)O3)cc1,999.0
Cc1cc(O)c2c(c1)C(=O)c1cc(O)cc(O)c1C2=O,999.0
CC(C)C(C)C=CC(C)C1CCC2C3=CC=C4CC(O)CCC4(C)C3CCC21C,999.0
O=C1CC(c2ccc(O)c(O)c2)Oc2cc(O)cc(O)c21,999.0
CC1(C)CCC2(CO)CCC3(C)C(=CCC4C5(C)CCC(O)C(C)(C)C5CCC43C)C2C1,999.0
O=c1ccc2cc(OC3OC(CO)C(O)C(O)C3O)c(O)cc2o1,999.0
CCOC(=O)Cc1c[nH]c2ccccc12,999.0
CCCCCC=CCC=CCCCCCCCC(=O)OCC,999.0
CCCCCCCCCCCCCC(=O)OCC,999.0
C=CCc1ccc(OC(C)=O)c(OC)c1,999.0
COc1ccc(-c2cc(=O)c3c(OC)c(OC)c(OC)cc3o2)cc1O,999.0
Cc1cc2nc3c(O)nc(=O)nc-3n(CC(O)C(O)C(O)COP(=O)(O)OP(=O)(O)OCC3OC(n4cnc5c(N)ncnc54)C(O)C3O)c2cc1C,999.0
CC(C)=CCCC(C)=CCCC(C)=CCOC1(O)OC(CO)C(O)C(O)C1O,999.0
COc1cc(C=CC(=O)O)ccc1O,999.0
Cc1cc2nc3c(O)nc(=O)nc-3n(CC(O)C(O)C(O)COP(=O)(O)O)c2cc1C,999.0
N=c1nc(O)c2nc(CNc3ccc(C(=O)NC(CCC(=O)O)C(=O)O)cc3)cnc2[nH]1,999.0
O=C(O)C=CC(=O)O,999.0
O=C(O)c1ccco1,999.0
O=Cc1ccco1,999.0
O=c1c(O)c(-c2ccccc2)oc2cc(O)cc(O)c12,999.0
O=C(O)c1cc(O)c(O)c(O)c1,999.0
NCCCC(=O)O,999.0
NC(CCC(O)=NC(CS)C(=O)O)C(=O)O,999.0
O=c1c(-c2ccc(O)cc2)coc2cc(O)cc(O)c12,999.0
COc1ccc(-c2coc3cc(OC)cc(O)c3c2=O)cc1,999.0
O=C(O)c1cc(O)ccc1O,999.0
CC(=O)CCC=C(C)CCC=C(C)C,999.0
CC(C)=CCCC(C)=CCOC(=O)c1ccccc1,999.0
CC(C)=CCCC(C)=CCOC1OC(CO)C(O)C(O)C1O,999.0
CC(C)=CCCC(C)=CCOC(=O)Cc1ccccc1,999.0
CCC(=O)OCC=C(C)CCC=C(C)C,999.0
C=C1CC23CC1(O)CCC2C12C=CC(O)C(C)(C(=O)O1)C2C3C(=O)O,999.0
O=C(O)C(O)C(O)C(O)C(O)CO,999.0
O=P(O)(O)OCC1OC(O)C(O)C(O)C1O,999.0
O=C(O)CCCC(=O)O,999.0
NC(CCC(O)=NC(CSSCC(N=C(O)CCC(N)C(=O)O)C(O)=NCC(=O)O)C(O)=NCC(=O)O)C(=O)O,999.0
O=C(O)C(O)CO,999.0
NCC(=O)O,999.0
COc1ccccc1O,999.0
N=C(N)N,999.0
N=c1nc(O)c2nc[nH]c2[nH]1,999.0
CCCCCC(=O)O,999.0
CCCCCCN,999.0
O=C(O)CN=C(O)c1ccccc1,999.0
NCCc1cnc[nH]1,999.0
CC(CCC(=O)O)C1CCC2C3C(O)C(O)C4CC(O)CCC4(C)C3CCC12C,999.0
CC(CCC(=O)O)C1CCC2C3CC(O)C4CC(O)CCC4(C)C3CCC12C,999.0
c1ccc2[nH]ccc2c1,999.0
O=C(O)c1cc2ccccc2[nH]1,999.0
O=Cc1c[nH]c2ccccc12,999.0
O=C(O)c1c[nH]c2ccccc12,999.0
O=C(O)CCc1c[nH]c2ccccc12,999.0
O=C(O)C(=O)Cc1c[nH]c2ccccc12,999.0
O=C(O)C(O)Cc1c[nH]c2ccccc12,999.0
CC(C)CCN,999.0
CC(C)C(O)(CC(=O)O)C(=O)O,999.0
COc1cc(-c2oc3cc(O)cc(O)c3c(=O)c2O)ccc1O,999.0
CCC=CCC1C(=O)CCC1CC(=O)O,999.0
O=c1c(O)c(-c2ccc(O)cc2)oc2cc(O)cc(O)c12,999.0
O=C(O)C1OC(Oc2c(-c3ccc(O)cc3)oc3cc(O)cc(O)c3c2=O)C(O)C(O)C1O,999.0
O=C(O)C1(O)CC(O)C(O)C(O)C1,999.0
N=C(N)NCCCC(N)C(=O)O,999.0
O=C(O)C(O)C(O)C(=O)O,999.0
CC(O)C(=O)O,999.0
CC(C)=CCCC(C)C1CCC2(C)C3=C(CCC12C)C1(C)CCC(O)C(C)(C)C1CC3,999.0
CCCCCCCCC=CCCCCCCCC(=O)OC(COC(=O)CCCCCCCCCCCCCCC)COP(=O)([O-])OCC[N+](C)(C)C,999.0
COc1cc(-c2oc3cc(O)cc(O)c3c(=O)c2O)cc(O)c1O,999.0
O=C1OC(C(O)CO)C(O)=C1O,999.0
N=C(O)CC(N)C(=O)O,999.0
NC(CC(=O)O)C(=O)O,999.0
N=C(O)NCCCC(N)C(=O)O,999.0
NC(CCSCC(N)C(=O)O)C(=O)O,999.0
NC(CS)C(=O)O,999.0
NC(CCC(=O)O)C(=O)O,999.0
N=C(O)CCC(N)C(=O)O,999.0
NC(CCC(O)=NC(CS)C(O)=NCC(=O)O)C(=O)O,999.0
NC(Cc1cnc[nH]1)C(=O)O,999.0
NC(CCO)C(=O)O,999.0
C=CC(C)(CCC=C(C)C)OC(=O)c1ccccc1,999.0
CCCCCC=CCC=CCCCCCCCC(=O)O,999.0
CCC=CCC=CCC=CCCCCCCCC(=O)O,999.0
CCC(C)C(N)C(=O)O,999.0
Nc1ccccc1C(=O)CC(N)C(=O)O,999.0
CC(C)CC(N)C(=O)O,999.0
NCCCCC(N)C(=O)O,999.0
O=C(O)CC(O)C(=O)O,999.0
CSCCC(N)C(=O)O,999.0
CCCC(N)C(=O)O,999.0
NCCCC(N)C(=O)O,999.0
NC(Cc1ccccc1)C(=O)O,999.0
O=C(O)C1CCCN1,999.0
NC(CCCCNC(CCC(=O)O)C(=O)O)C(=O)O,999.0
NC(CO)C(=O)O,999.0
CC(O)C(N)C(=O)O,999.0
NC(Cc1c[nH]c2ccccc12)C(=O)O,999.0
NC(Cc1ccc(O)cc1)C(=O)O,999.0
C=C(C)C1CCC2(C)CCC3(C)C(CCC4C5(C)CCC(O)C(C)(C)C5CCC43C)C12,999.0
O=c1cc(-c2ccc(O)c(O)c2)oc2cc(O)cc(O)c12,999.0
CC(C)C(N)C(=O)O,999.0
O=C(O)CC(=O)O,999.0
COc1cc(-c2oc3cc(O)cc(=O)c-3cc2OC2OC(C[O+]=C(O)C=Cc3ccc(O)cc3)C(O)C(O)C2O)cc(OC)c1[O-],999.0
COc1cc(-c2[o+]c3cc(O)cc(OC4OC(CO)C(O)C(O)C4O)c3cc2OC2OC(CO)C(O)C(O)C2O)cc(OC)c1[O-],999.0
COc1cc(-c2[o+]c3cc(O)cc(O)c3cc2OC2OC(CO)C(O)C(O)C2O)cc(OC)c1[O-],999.0
COc1cc(-c2[o+]c3cc(O)cc(O)c3cc2OC2OC(COC(C)=O)C(O)C(O)C2O)cc(OC)c1[O-],999.0
OCC(O)C(O)C(O)C(O)CO,999.0
O=C(O)C=Cc1cccc(O)c1,999.0
OCC1OC(OCC2OC(O)C(O)C(O)C2O)C(O)C(O)C1O,999.0
CCCCCCCCCCCCCCCCCCCC(=O)OC,999.0
CCCCCCCCCCCCCCCCCCCCCC(=O)OC,999.0
CCCCCCCC(=O)OC,999.0
CCCCCCCCC=CCCCCCCCCCC(=O)OC,999.0
CCCCCCCCCCCCCCCCCCCCC(=O)OC,999.0
CCCCCCCCCCCCCCCCC(=O)OC,999.0
CCC=CCC1C(=O)CCC1CC(=O)OC,999.0
CCC=CCC=CCC=CCCCCCCCC(=O)OC,999.0
CCCCCCCCCCCCCC(=O)OC,999.0
CCCCCCCCCCCCCCCCCCC(=O)OC,999.0
CCCCCCCCC=CCCCCCCCC(=O)OC,999.0
CCCCCCCCCCCCCCCC(=O)OC,999.0
CCCCCCC=CCCCCCCCC(=O)OC,999.0
COC(=O)c1cc(O)c(O)c(Oc2c(O)c(O)c3oc(=O)c4cc(O)c(O)c5oc(=O)c2c3c54)c1,999.0
CCCCCCCCCCCCCCCCCC(=O)OC,999.0
COC(=O)CCS,999.0
COC(=O)c1ccccc1O,999.0
O=c1c(O)c(-c2ccc(O)cc2O)oc2cc(O)cc(O)c12,999.0
C1COCCN1,999.0
O=C(O)C(O)C(O)C(O)C(O)C(=O)O,999.0
OC1C(O)C(O)C(O)C(O)C1O,999.0
CC1OC(Oc2c(-c3cc(O)c(O)c(O)c3)oc3cc(O)cc(O)c3c2=O)C(O)C(O)C1O,999.0
CC(O)=NC(Cc1ccc(O)cc1)C(=O)O,999.0
CC(O)=NC1C(O)OC(CO)C(O)C1O,999.0
CC(O)=NC1C(O)CC(O)(C(=O)O)OC1C(O)C(O)CO,999.0
CCCCCCC(=O)O,999.0
O=C1CCC(=O)N1O,999.0
N=C(O)c1cccnc1,999.0
CN1CCCC1c1cccnc1,999.0
O=C(O)c1cccnc1,999.0
Nc1ncnc2c1ncn2C1OC(COP(=O)([O-])OP(=O)(O)OCC2OC([n+]3cccc(C(=O)O)c3)C(O)C2O)C(O)C1O,999.0
O=C(O)c1ccc[n+](C2OC(COP(=O)([O-])O)C(O)C2O)c1,999.0
CCCCCCCCC(=O)O,999.0
CCCCCCCC(=O)O,999.0
CCCCCCCCOC1OC(CO)C(O)C(O)C1O,999.0
CCCCCCCCN,999.0
CCCCCCCCC=CCCCCCCCC(=O)O,999.0
NC(COP(=O)(O)O)C(=O)O,999.0
O=c1cc(-c2ccc(O)c(O)c2)oc2c(C3OC(CO)C(O)C(O)C3O)c(O)cc(O)c12,999.0
CCCCCCCCCCCCCCCC(=O)O,999.0
CCCCCCC=CCCCCCCCC(=O)O,999.0
O=C(O)C=Cc1ccc(O)cc1,999.0
[O-]c1cc(OC2OC(CO)C(O)C(O)C2O)c2cc(OC3OC(CO)C(O)C(O)C3O)c(-c3ccc(O)cc3)[o+]c2c1,999.0
[O-]c1cc(O)cc2[o+]c(-c3ccc(O)cc3)c(OC3OC(CO)C(O)C(O)C3O)cc12,999.0
O=c1c(OC2OC(COC3OCC(O)C(O)C3O)C(O)C(O)C2O)c(-c2ccc(O)c(O)c2)oc2cc(O)cc(O)c12,999.0
COc1cc(-c2[o+]c3cc(O)cc(OC4OC(CO)C(O)C(O)C4O)c3cc2OC2OC(CO)C(O)C(O)C2O)ccc1[O-],999.0
COc1cc(-c2[o+]c3cc(O)cc([O-])c3cc2OC2OC(CO)C(O)C(O)C2O)ccc1O,999.0
COc1cc(-c2[o+]c3cc(O)cc([O-])c3cc2OC2OCC(O)C(O)C2O)ccc1O,999.0
COc1cc(-c2[o+]c3cc(O)cc([O-])c3cc2OC2OC(COC(C)=O)C(O)C(O)C2O)ccc1O,999.0
COc1cc(-c2oc3cc(O)cc(=O)c-3cc2OC2OC(C[O+]=C([O-])C=Cc3ccc(O)cc3)C(O)C(O)C2O)ccc1O,999.0
COc1cc(-c2[o+]c3cc(O)cc(O)c3cc2O)cc(O)c1[O-],999.0
COc1cc(-c2[o+]c3cc(O)cc(O)c3cc2OC2OC(CO)C(O)C(O)C2O)cc(O)c1[O-],999.0
NCCc1ccccc1,999.0
COC1C(O)C(O)C(O)C(O)C1O,999.0
O=C(O)C1CNCCN1,999.0
C1CCNCC1,999.0
O=C(C=CC=Cc1ccc2c(c1)OCO2)N1CCCCC1,999.0
O=C(O)c1ccc2c(c1)OCO2,999.0
Oc1cc(O)c2c(c1)OC1(c3ccc(O)c(O)c3)Oc3cc(O)c4c(c3C2C1O)OC(c1ccc(O)c(O)c1)C(O)C4,999.0
CCCN,999.0
O=C(O)c1ccc(O)c(O)c1,999.0
Cc1ncc(CO)c(C=O)c1O,999.0
Cc1ncc(COP(=O)(O)O)c(C=O)c1O,999.0
Cc1ncc(CO)c(CN)c1O,999.0
Cc1ncc(COP(=O)(O)O)c(CN)c1O,999.0
Cc1ncc(CO)c(CO)c1O,999.0
Oc1ccccc1O,999.0
C1CCNC1,999.0
CC(=O)C(=O)O,999.0
O=c1c(O)c(-c2ccc(O)c(O)c2)oc2cc(O)cc(O)c12,999.0
O=c1c(OC2OC(CO)C(O)C(O)C2O)c(-c2ccc(O)c(O)c2)oc2cc(O)cc(O)c12,999.0
CC(=O)OCC1OC(Oc2c(-c3ccc(O)c(O)c3)oc3cc(O)cc(O)c3c2=O)C(O)C(O)C1O,999.0
CC1OC(Oc2c(-c3ccc(O)c(O)c3)oc3cc(O)cc(O)c3c2=O)C(O)C(O)C1O,999.0
OCC1OC(OCC2OC(OC3(CO)OC(CO)C(O)C3O)C(O)C(O)C2O)C(O)C(O)C1O,999.0
COc1cc(O)c2c(=O)c(O)c(-c3ccc(O)c(O)c3)oc2c1,999.0
CC1OC(O)C(O)C(O)C1O,999.0
Cc1cc2nc3c(O)nc(=O)nc-3n(CC(O)C(O)C(O)CO)c2cc1C,999.0
CC1OC(OCC2OC(Oc3c(-c4ccc(O)cc4)oc4cc(OC5OC(C)C(O)C(O)C5O)cc(O)c4c3=O)C(O)C(O)C2O)C(O)C(O)C1O,999.0
O=C(C=Cc1ccc(O)c(O)c1)OC(Cc1ccc(O)c(O)c1)C(=O)O,999.0
COc1cc(O)c2c(c1)OC(c1ccc(O)cc1)CC2=O,999.0
O=C(O)c1ccccc1O,999.0
C=CC(C)(O)CCC1C(C)(O)CCC2C(C)(C)CCCC21C,999.0
COc1cc2ccc(=O)oc2cc1O,999.0
NCCc1c[nH]c2ccc(O)cc12,999.0
O=C(O)C1=CC(O)C(O)C(O)C1,999.0
COc1cc(C=CC(=O)O)cc(OC)c1O,999.0
COc1cc(C=CCO)cc(OC)c1O,999.0
COc1ccc(-c2cc(=O)c3c(OC)c(OC)c(OC)cc3o2)cc1OC,999.0
CC1CCC2(CO)CCC3(C)C(=CCC4C5(C)CCC(O)C(C)(C)C5CCC43C)C2C1C,999.0
CC=CC=CC(=O)O,999.0
NCCCCNCCCN,999.0
NCCCNCCCCNCCCN,999.0
OCC1OC(OCC2OC(OCC3OC(OC4(CO)OC(CO)C(O)C4O)C(O)C(O)C3O)C(O)C(O)C2O)C(O)C(O)C1O,999.0
O=C(O)CCC(=O)O,999.0
OCC1OC(OC2(CO)OC(CO)C(O)C2O)C(O)C(O)C1O,999.0
COc1cc(C=NN=Cc2cc(OC)c(O)c(OC)c2)cc(OC)c1O,999.0
COc1cc(C=O)cc(OC)c1O,999.0
COc1cc(-c2oc3cc(O)cc(O)c3c(=O)c2O)cc(OC)c1O,999.0
COc1cc(-c2oc3cc(O)cc(O)c3c(=O)c2OC2OC(CO)C(O)C(O)C2O)cc(OC)c1O,999.0
CC(CCC(O)=NCCS(=O)(=O)O)C1CCC2C3C(O)CC4CC(O)CCC4(C)C3CC(O)C12C,999.0
CC(C)(C)c1cc(O)ccc1O,999.0
Cn1cnc2c1c(O)nc(=O)n2C,999.0
Cn1c(=O)c2nc[nH]c2n(C)c1=O,999.0
CC1=C(CCO)S[CH]N1Cc1cnc(C)[nH]c1=N,999.0
O=C(O)C(O)C(O)CO,999.0
O=CC(O)C(O)CO,999.0
CC1(O)CCC(C(C)(C)O)CC1,999.0
C[n+]1cccc(C(=O)[O-])c1,999.0
OCCc1c[nH]c2ccccc12,999.0
NCCc1ccc(O)cc1,999.0
OCCc1ccc(O)cc1,999.0
O=c1ccc2ccc(O)cc2o1,999.0
Oc1ccnc(O)n1,999.0
N=C(N)O,999.0
CCOC(=N)O,999.0
Oc1nc(O)c2nc(O)[nH]c2n1,999.0
O=c1nc(O)ccn1C1OC(CO)C(O)C1O,999.0
CC1CCC2(C(=O)O)CCC3(C)C(=CCC4C5(C)CCC(O)C(C)(C)C5CCC43C)C2C1C,999.0
COc1cc(C(=O)O)ccc1O,999.0
COc1cc(C=O)ccc1O,999.0
Oc1ccc(C2Oc3cc(O)c4c(c3C2c2cc(O)cc(O)c2)C2c3c(O)cc5c(c3C(C4c3ccc(O)cc3)C2c2ccc(O)cc2)C(c2cc(O)cc(O)c2)C(c2ccc(O)cc2)O5)cc1,999.0
CC1=C2N=C(C=C3N=C(C(C)=C4NC(C)(C5N=C1C(C)(CCC(O)=NCC(C)OP(=O)(O)OC1C(CO)OC([n+]6c[nH]c7cc(C)c(C)cc76)C1O)C5CC(=N)O)C(C)(CC(=N)O)C4CCC(=N)O)C(C)(CC(=N)O)C3CCC(=N)[O-])C(C)(C)C2CCC(=N)O,999.0
CC(=CCC1=C(C)C(=O)c2ccccc2C1=O)CCCC(C)CCCC(C)CCCC(C)C,999.0
Oc1nc(O)c2nc[nH]c2n1,999.0
OC1COC(O)C(O)C1O,999.0
OCC(O)C(O)CO,999.0
O=Cc1ccc(O)c(O)c1,999.0
O=C(O)C=C(CC(=O)O)C(=O)O,999.0
O=C(O)CO,999.0
O=CC(=O)O,999.0
CCCCCCCCCCCCCCCCCCCCCCCC(=O)O,999.0
O=C(O)C(=O)O,999.0
OCC1OC(Oc2ccccc2)C(O)C(O)C1O,999.0
CC(CCC(O)=NCCOS(=O)(=O)O)C1CCC2C3C(O)CC4CC(O)CCC4(C)C3CCC12C,999.0
Oc1cc(O)c2c(c1)OC(c1ccc(O)c(O)c1)C(O)C2,999.0
O=C(OC1Cc2c(O)cc(O)cc2OC1c1ccc(O)c(O)c1)c1cc(O)c(O)c(O)c1,999.0
Oc1cc(O)c2c(c1)OC(c1cc(O)c(O)c(O)c1)C(O)C2,999.0
O=C(O)c1cc(O)cc(O)c1,999.0
O=C(O)c1ccc(O)cc1,999.0
OCC1OC(Oc2cc(O)cc(C=Cc3ccc(O)c(O)c3)c2)C(O)C(O)C1O,999.0
O=C(C=Cc1ccc(O)c(O)c1)OC(C(=O)O)C(O)C(=O)O,999.0
OCC1OC(Oc2cc(O)cc(C=Cc3ccc(O)cc3)c2)C(O)C(O)C1O,999.0
Oc1ccc(C=Cc2cc(O)cc(O)c2)cc1,999.0
O=c1oc2c(O)c(O)cc3c(=O)oc4c(O)c(O)cc1c4c23,999.0
Oc1ccc(C2Oc3cc(O)cc(O)c3CC2O)cc1,999.0
O=c1ccc2cc(O)c(O)cc2o1,999.0
COc1cc(C=CC(=O)OC(C(=O)O)C(O)C(=O)O)ccc1O,999.0
COc1cc2ccc(=O)oc2c(OC2OC(CO)C(O)C(O)C2O)c1O,999.0
COc1ccc(C2CC(=O)c3c(O)cc(O)cc3O2)cc1O,999.0
COc1cc(-c2oc3cc(O)cc(O)c3c(=O)c2OC2OC(CO)C(O)C(O)C2O)ccc1O,999.0
COc1cc(-c2oc3cc(O)cc(O)c3c(=O)c2OC2OC(COC3OC(C)C(O)C(O)C3O)C(O)C(O)C2O)ccc1O,999.0
COc1cc(C=Cc2cc(O)cc(OC3OC(CO)C(O)C(O)C3O)c2)ccc1O,999.0
O=c1c(OC2OC(CO)C(O)C(O)C2O)c(-c2ccc(O)cc2)oc2cc(O)cc(O)c12,999.0
CC1OC(OCC2OC(Oc3c(-c4ccc(O)cc4)oc4cc(O)cc(O)c4c3=O)C(O)C(O)C2O)C(O)C(O)C1O,999.0
O=c1cc(-c2ccc(O)c(O)c2)oc2cc(OC3OC(CO)C(O)C(O)C3O)cc(O)c12,999.0
COC(=O)c1cc(O)c(O)c(O)c1,999.0
O=c1c(O)c(-c2cc(O)c(O)c(O)c2)oc2cc(O)cc(O)c12,999.0
O=C1CC(c2ccc(O)cc2)Oc2cc(O)cc(O)c21,999.0
O=C1CC(c2ccc(O)cc2)Oc2cc(OC3OC(CO)C(O)C(O)C3O)cc(O)c21,999.0
O=C(O)C=Cc1ccccc1O,999.0
COc1cc(C2=C(OC3OC(CO)C(O)C(O)C3O)c3cc(=O)oc4cc(O)cc(c34)O2)cc(OC)c1O,999.0
Oc1ccc(C2c3c(O)cc(O)cc3C3C(c4ccc(O)cc4)c4c(O)cc(O)cc4C23)cc1,999.0
O=C(CCc1ccc(O)cc1)c1c(O)cc(O)cc1OC1OC(CO)C(O)C(O)C1O,999.0
O=C(CCc1ccc(O)cc1)c1c(O)cc(O)cc1O,999.0
Oc1cc(O)cc(C=Cc2ccc(O)c(O)c2)c1,999.0
Oc1cc(O)c2c(c1)OC(c1ccc(O)c(O)c1)C(O)C2c1c(O)cc(O)c2c1OC(c1ccc(O)c(O)c1)C(O)C2,999.0
COc1cc(C=Cc2ccc(O)cc2)cc(OC)c1,999.0
O=c1c(OC2OC(CO)C(O)C(O)C2O)c(-c2ccc(OC3OC(CO)C(O)C(O)C3O)c(O)c2)oc2cc(O)cc(O)c12,999.0
O=C(O)C1OC(Oc2c(-c3ccc(O)c(O)c3)oc3cc(O)cc(O)c3c2=O)C(O)C(O)C1O,999.0
O=c1c(O)c(-c2ccc(OC3OC(CO)C(O)C(O)C3O)c(O)c2)oc2cc(O)cc(O)c12,999.0
O=c1c(OS(=O)(=O)O)c(-c2ccc(O)c(O)c2)oc2cc(O)cc(O)c12,999.0
O=c1c(OC2OC(C(O)CO)C(O)C2O)c(-c2ccc(O)c(O)c2)oc2cc(O)cc(O)c12,999.0
CC1OC(OCC2OC(Oc3c(-c4ccc(O)c(O)c4)oc4cc(O)cc(O)c4c3=O)C(O)C(O)C2O)C(O)C(O)C1O,999.0
COc1cc(C(=O)O)cc(OC)c1O,999.0
O=C1c2c(O)cc(O)cc2OC(c2ccc(O)c(O)c2)C1O,999.0
O=C(C=Cc1ccc(O)cc1)OC(C(=O)O)C(O)C(=O)O,999.0
Oc1ccc(C=Cc2cc(O)cc3c2C(c2cc(O)cc(O)c2)C(c2ccc(O)cc2)O3)cc1,999.0
O=C(CCc1ccc(O)cc1)c1c(O)cc(O)c(C2OC(CO)C(O)C(O)C2O)c1O,999.0
COc1cc(O)c2c(=O)c(O)c(-c3ccc(O)c(OC)c3)oc2c1,999.0
CCOc1ccc(N=C(C)O)cc1,999.0
CC1OC(OC2C(Oc3cc(O)c4c(c3)OC(c3ccc(O)cc3)CC4=O)OC(CO)C(O)C2O)C(O)C(O)C1O,999.0
COC1OC(C(=O)O)C(O)C(O)C1O,999.0
COC(=O)C1=COC(O)C2C(CO)=CCC12,999.0
COc1cc(C2=C(OC3OC(CO)C(O)C(O)C3O)c3cc(C(=O)[O-])[o+]c4cc(O)cc(c34)O2)cc(OC)c1O,999.0
COc1cc(C2=C(OC3OC(CO)C(O)C(O)C3O)c3cc[o+]c4cc(O)cc(c34)O2)cc(OC)c1[O-],999.0
COc1cc(C2=C(OC3OC(CO)C(O)C(O)C3O)c3cc(C)[o+]c4cc(O)cc(c34)O2)cc(OC)c1[O-],999.0
O=C(OC1Cc2c(O)cc(O)cc2OC1c1cc(O)c(O)c(O)c1)c1cc(O)c(O)c(O)c1,999.0
O=C(O)c1ccc(O)c(O)c1,999.0
O=C1CC(c2ccc(O)c(O)c2)c2c(cc(O)c3c2OC(c2ccc(O)c(O)c2)C(O)C3)O1,999.0
CCOC(=O)c1cc(O)c(O)c(O)c1,999.0
Oc1ccc(C2Oc3cc(O)cc4c3C2c2cc(O)cc(O)c2C(c2ccc(O)cc2)C4C2c3cc(O)cc4c3C(c3cc(O)cc(O)c3C2c2ccc(O)cc2)C(c2ccc(O)cc2)O4)cc1,999.0
N=C(N)NCCCC(N)C(=O)O,999.0
O=C(O)C(O)C(O)C(=O)O,999.0
O=C(O)C1(O)CC(O)C(O)C(O)C1,999.0
O=C(O)CCC(=O)O,999.0
CCC(=O)O,999.0
CC(O)(CC(=O)O)C(=O)O,999.0
NC(Cc1ccc(O)cc1)C(=O)O,999.0
CCC(C)C(N)C(=O)O,999.0
C[N+](C)(C)CCO,999.0
C[N+](C)(C)CC(=O)[O-],999.0
CC(C)C(N)C(=O)O,999.0
O=C(O)C1CCCN1,999.0
NC(CCC(O)=NC(CS)C(O)=NCC(=O)O)C(=O)O,999.0
Oc1ccnc(O)n1,999.0
Oc1nc(O)c2nc(O)[nH]c2n1,999.0
Oc1nc(O)c2nc[nH]c2n1,999.0
N=C(N)NCCCC(N)C(=O)O,999.0
NCCS(=O)(=O)O,999.0
N=C(O)NCCCC(N)C(=O)O,999.0
Nc1nc[nH]c2ncnc1-2,999.0
Oc1nc(O)c2nc(O)[nH]c2n1,999.0
Oc1ccnc(O)n1,999.0
CSCCC(N)C(=O)O,999.0
O=C(O)C1CCC(O)=N1,999.0
O=c1nc(O)ccn1C1OC(CO)C(O)C1O,999.0
NC(Cc1ccc(O)cc1)C(=O)O,999.0
Nc1ncnc2c1ncn2C1OC(CO)C(O)C1O,999.0
OCC1OC(n2cnc3c(O)ncnc32)C(O)C1O,999.0
CC(C)CC(N)C(=O)O,999.0
CCC(C)C(N)C(=O)O,999.0
CC(C(=O)O)C(=O)O,999.0
O=C(O)CCCC(=O)O,999.0
NC(Cc1ccccc1)C(=O)O,999.0
O=C(O)CCCCC(=O)O,999.0
NC(Cc1c[nH]c2ccccc12)C(=O)O,999.0
O=C(O)CN=C(O)c1ccccc1,999.0
O=C(O)C=Cc1ccc(O)c(O)c1,999.0
O=C(O)Cc1ccccc1,999.0
O=C(O)CCCCCC(=O)O,999.0
O=C(O)C(O)Cc1ccccc1,999.0
O=C(O)CCCCCCCC(=O)O,999.0
CC12CCC(=O)C=C1CCC1C2C(O)CC2(C)C1CCC2(O)C(=O)CO,999.0
CC(CCC(O)=NCCS(=O)(=O)O)C1CCC2C3C(O)CC4CC(O)CCC4(C)C3CC(O)C12C,999.0
CC(CCC(O)=NCC(=O)O)C1CCC2C3C(O)CC4CC(O)CCC4(C)C3CC(O)C12C,999.0
CC(CCC(=O)O)C1CCC2C3C(O)CC4CC(O)CCC4(C)C3CC(O)C12C,999.0
CC(CCC(=O)O)C1CCC2C3C(O)CC4CC(O)CCC4(C)C3CCC12C,999.0
CC(CCC(=O)O)C1CCC2C3CCC4CC(O)CCC4(C)C3CC(O)C12C,999.0
CCCCCCCCCCCCCCCC(=O)OCC(O)COP(=O)([O-])OCC[N+](C)(C)C,999.0
CCCCCCCCC=CCCCCCCCC(=O)OCC(O)COP(=O)([O-])OCC[N+](C)(C)C,999.0
Cc1cc2nc3c(O)nc(=O)nc-3n(CC(O)C(O)C(O)CO)c2cc1C,999.0
CC12CCC(=O)C=C1CCC1C2C(=O)CC2(C)C1CCC2(O)C(=O)CO,999.0
O=C(O)C1CCCN1,999.0
Cn1cnc(CC(N)C(=O)O)c1,999.0
Nc1ccc(C(=O)O)cc1,999.0
Cn1c(=O)c2c(ncn2C)n(C)c1=O,999.0
Nc1ncnc2c1ncn2C1OC(CO)C(O)C1O,999.0
N=c1nc(O)c2ncn(C3OC(CO)C(O)C3O)c2[nH]1,999.0
O=c1nc(O)ccn1C1OC(CO)C(O)C1O,999.0
Nc1ncnc2c1ncn2C1CC(O)C(CO)O1,999.0
Cc1cn(C2CC(O)C(CO)O2)c(=O)nc1O,999.0
COC1C(O)C(CO)OC1n1cnc2c(N)ncnc21,999.0
NC(Cc1ccccc1)C(=O)O,999.0
NC(Cc1ccc(O)cc1)C(=O)O,999.0
NC(Cc1c[nH]c2ccccc12)C(=O)O,999.0
O=C(O)C1Cc2c([nH]c3ccccc23)CN1,999.0
CSCCCCCCCC(N)C(=O)O,999.0
CSCCCCCCCCC(N)C(=O)O,999.0
NC(Cc1ccccc1)C(O)=NCC(=O)O,999.0
NCC(O)=NC(Cc1ccccc1)C(=O)O,999.0
CC(C)CC(N=C(O)C(N)C(C)C)C(=O)O,999.0
CC(C)CC(N)C(=O)N1CCCC1C(=O)O,999.0
CC(C)CC(N)C(O)=NC(Cc1ccc(O)cc1)C(=O)O,999.0
CCC(C)C(N=C(O)C(N)Cc1ccc(O)cc1)C(=O)O,999.0
CC(C)CC(N=C(O)C(N)Cc1ccc(O)cc1)C(=O)O,999.0
CC(C)C(N=C(O)C(N)Cc1ccccc1)C(=O)O,999.0
CC(C)C(N)C(O)=NC(Cc1ccccc1)C(=O)O,999.0
CCC(C)C(N)C(O)=NC(C(=O)O)C(C)CC,999.0
CCC(C)C(N=C(O)C(N)CC(C)C)C(=O)O,999.0
CCC(C)C(N)C(O)=NC(CC(C)C)C(=O)O,999.0
CC(C)CC(N)C(O)=NC(CC(C)C)C(=O)O,999.0
CCC(C)C(N=C(O)C(N)Cc1ccccc1)C(=O)O,999.0
CCC(C)C(N)C(O)=NC(Cc1ccccc1)C(=O)O,999.0
CC(C)CC(N=C(O)C(N)Cc1ccccc1)C(=O)O,999.0
CC(C)CC(N)C(O)=NC(Cc1ccccc1)C(=O)O,999.0
CS(=O)CCCCCCCCN=C=S,999.0
NCc1c[nH]c2ccccc12,999.0
COc1cccc2[nH]cc(CN)c12,999.0
COn1cc(CN)c2ccccc21,999.0
O=Cc1c[nH]c2cccc(O)c12,999.0
O=Cc1c[nH]c2cccc(O)c12,999.0
O=C(O)c1c[nH]c2ccccc12,999.0
COc1cc(C=CCO)ccc1OC1OC(CO)C(O)C(O)C1O,999.0
COc1cc(C=CCO)cc(OC)c1OC1OC(CO)C(O)C(O)C1O,999.0
COc1cc(CC2COC(c3ccc(O)c(OC)c3)C2CO)ccc1O,999.0
O=c1ccc2cc(O)c(O)cc2o1,999.0
COc1cc2ccc(=O)oc2cc1O,999.0
O=c1ccc2cc(OC3OC(CO)C(O)C(O)C3O)c(O)cc2o1,999.0
COc1cc2ccc(=O)oc2cc1OC1OC(CO)C(O)C(O)C1O,999.0
O=C(O)C(O)Cc1ccc(O)cc1,999.0
CCC(C)(O)C(=O)O,999.0
CC(C)C(O)C(=O)O,999.0
O=C(O)CCc1ccc(O)cc1O,999.0
CC(C)(O)CC(=O)O,999.0
OCC(O)c1ccc(O)c(O)c1,999.0
O=C(O)Cc1c[nH]c2ccc(O)cc12,999.0
CC12CCC3C(CCC4CC(=O)CCC43C)C1CCC2O,999.0
CC(O)=Nc1c(N)nc(O)n(C)c1=O,999.0
CC(C)C(=O)C(=O)O,999.0
CC(O)C1N=C(O)C2CCCN2C1=O,999.0
CC(C)C1N=C(O)C2CCCN2C1=O,999.0
O=C(O)C(O)c1ccc(O)c(O)c1,999.0
O=C(O)C1OC(Oc2ccc(O)cc2)C(O)C(O)C1O,999.0
CS(=O)CCCN=C=S,999.0
O=C(Cc1c[nH]c2ccccc12)OC1OC(C(=O)O)C(O)C(O)C1O,999.0
CC12C=Cc3occc3C1CCC13CC(CCC12)C(O)(CO)C3,999.0
CC(=O)CCC(=O)O,999.0
CCC=CCC=CCC=CCC=CCC=CCC=CCCC(=O)OC(COC(=O)CCCCCCCCCCCCCCCCC)COP(=O)([O-])OCC[N+](C)(C)C,999.0
C[N+]1(C)CCCC1C(=O)[O-],999.0
CC12CCC(=O)C=C1CCC1C2CCC2(C)C(O)CCC12,999.0
Cn1cnc2c1c(O)nc(=O)n2C,999.0
C[N+](C)(C)[O-],999.0
CCCCCCCC(=O)OC1OC(C(=O)O)C(O)C(O)C1O,999.0
Cn1c(O)nc2[nH]c(O)nc2c1=O,999.0
Cn1c(O)nc2nc(O)nc(O)c21,999.0
O=C(OC1OC(C(=O)O)C(O)C(O)C1O)c1c[nH]c2ccccc12,999.0
Cn1cnc2nc(O)nc(O)c21,999.0
CCCc1oc(CCC(=O)O)c(C(=O)O)c1C,999.0
Cn1c(=O)nc(O)c2nc[nH]c21,999.0
CN1CC(O)CC1C(=O)O,999.0
CN1C(=O)CCC1c1cccnc1,999.0
Cn1cnc2c(ncn2C2OC(CO)C(O)C2O)c1=N,999.0
Cn1c(O)nc2ncn(C)c2c1=O,999.0
CC(C)(N)C(=O)O,999.0
COc1ccc(O)c(C(=O)O)c1,999.0
Cc1ccccc1C(O)=NCC(=O)O,999.0
N=c1ccn(C2OC(CO)C(O)C2O)c(S)n1,999.0
O=C(O)CCc1ccc(O)c(O)c1,999.0
NC(CCCC(N)C(=O)O)C(=O)O,999.0
Nc1c(O)cccc1C(=O)CC(N)C(=O)O,999.0
CC(O)CC(=O)O,999.0
CC(CO)C(=O)O,999.0
O=C(O)Cc1c[nH]c2ccccc12,999.0
Cn1c(=N)ccn(C2OC(CO)C(O)C2O)c1=O,999.0
Cn1c(O)nc2c1c(O)nc(=O)n2C,999.0
CC(O)=Nc1ccc(C(=O)O)cc1,999.0
Cc1cc(C(=O)O)ccc1O,999.0
O=Cc1ccc(O)cc1,999.0
O=C(O)CNC(=O)c1ccc(O)cc1,999.0
Cc1cn(C2OC(CO)C(O)C2O)c(O)nc1=N,999.0
COc1cc2c(CCN=C(C)O)c[nH]c2cc1O,999.0
C[n+]1cn(C2OC(CO)C(O)C2O)c2[nH]c(=N)nc([O-])c21,999.0
CNC(C)(C)C(=O)O,999.0
OCC1OC(OC2C(CO)OC(O)C(O)C2O)C(O)C(O)C1O,999.0
C=CCS(=O)CC(N)C(=O)O,999.0
N=C(O)NC(NC(=N)O)C(=O)O,999.0
Cn1cncc1CC(N=C(O)CCN)C(=O)O,999.0
N=C(N)NCCCC(N)C(=O)O,999.0
NC(CC(=O)O)C(O)=NC(Cc1ccccc1)C(=O)O,999.0
NCCC(O)=NC(Cc1cnc[nH]1)C(=O)O,999.0
CC(C)c1cc2c(c(O)c1O)C13CCCC(C)(C)C1CC2OC3=O,999.0
CC(NCCCCC(N)C(=O)O)C(=O)O,999.0
CC(CCC(=O)O)C1CCC2C3C(O)CC4CC(O)CCC4(C)C3CCC12C,999.0
NC(CCCCNCC(=O)O)C(=O)O,999.0
COC1=C(OC)C(=O)C(CC=C(C)C)=C(C)C1=O,999.0
N=c1ccn(C2OC(CO)C(O)C2O)c(O)n1,999.0
CC(C)(CO)C(O)C(O)=NCCC(O)=NCCSSCCN=C(O)CCN=C(O)C(O)C(C)(C)CO,999.0
OCC(O)C(O)C(O)C(O)CO,999.0
CC(CCC(=O)O)C1CCC2C3C(=O)CC4CC(=O)CCC4(C)C3CC(=O)C12C,999.0
OC1=NCCCC1,999.0
NC(CCCC(=O)O)C(=O)O,999.0
O=C(O)C(O)Cc1c[nH]c2ccccc12,999.0
NCCc1ccc(O)c(O)c1,999.0
CNCC(O)c1ccc(O)c(O)c1,999.0
NC(CCCN=C1N=C(O)CN1)C(=O)O,999.0
NC(CCCCN=C(O)CO)C(=O)O,999.0
NCCCC(=O)O,999.0
NC(CCC(=O)O)C(=O)O,999.0
CC(CCC(O)=NCC(=O)O)C1CCC2C3C(O)CC4CC(O)CCC4(C)C3CCC12C,999.0
CC(CCC(O)=NCC(=O)O)C1CCC2C3C(O)CC4CC(O)CCC4(C)C3CC(O)C12C,999.0
CC(CCC(O)=NCC(=O)O)C1CCC2C3CCC4CC(O)CCC4(C)C3CC(O)C12C,999.0
CC(CCC(O)=NCC(=O)O)C1CCC2C3CCC4CC(O)CCC4(C)C3CCC12C,999.0
N=c1nc(O)c2ncn(C3OC(CO)C(O)C3O)c2[nH]1,999.0
NCCS(=O)O,999.0
Oc1ncnc2[nH]cnc12,999.0
O=C(O)CN=C(O)C=Cc1c[nH]c2ccccc12,999.0
OCC1OC(Oc2c[nH]c3ccccc23)C(O)C(O)C1O,999.0
O=C(O)C1OC(Oc2c[nH]c3ccccc23)C(O)C(O)C1O,999.0
OCC1OC(n2cnc3c(O)ncnc32)C(O)C1O,999.0
CCC(C)C(N)C(=O)O,999.0
CC(C)CC(O)=NCC(=O)O,999.0
O=c1c(O)c(-c2ccc(O)cc2)oc2cc(O)cc(O)c12,999.0
c1coc(CNc2nc[nH]c3ncnc2-3)c1,999.0
C[N+](C)(C)CC(O)CC(=O)[O-],999.0
NC(CS)C(=O)O,999.0
NC(CSSCC(N)C(=O)O)C(=O)O,999.0
NCCCCC(N)C(=O)O,999.0
NCCCC(N)C(=O)O,999.0
CCCCCCCCCCCC(=O)OC(CC(=O)[O-])C[N+](C)(C)C,999.0
CC(C)CC(N)C(=O)O,999.0
O=c1cc(-c2ccc(O)c(O)c2)oc2cc(O)cc(O)c12,999.0
CSCCC(N)C(=O)O,999.0
CC1NC(=NCCCC(N)C(=O)O)N=C1O,999.0
OC1C(O)C(O)C(O)C(O)C1O,999.0
CC(O)=NC(CC(=O)O)C(O)=NC(CCC(=O)O)C(=O)O,999.0
CC(O)=NC(Cc1ccc(O)cc1)C(=O)O,999.0
CCCCCCCCCCCC(=O)N(C)CC(=O)O,999.0
CSCCC(N=C(O)Cc1ccccc1)C(=O)O,999.0
N=C(O)c1cccnc1,999.0
CCCCCCCCC=CCCCCCCCC(=N)O,999.0
CCCCCCCCC=CCCCCCCCC(=O)OC(CCC(=O)[O-])[N+](C)(C)C,999.0
O=C(O)c1cc(O)nc(O)n1,999.0
Nc1ccc(C(=O)NCC(=O)O)cc1,999.0
C=C(C)C1CC=C(C(=O)O)CC1,999.0
O=C(O)C1CCCN1C(=O)C1CCC(O)=N1,999.0
O=C(O)CN=C(O)Cc1ccccc1,999.0
NC(Cc1ccccc1)C(=O)O,999.0
O=C(O)C1CCCCN1,999.0
O=C(O)C1OC(Oc2ccccc2O)C(O)C(O)C1O,999.0
NC(CCCCn1c(C=O)ccc1CO)C(=O)O,999.0
O=C(O)c1ccc[nH]1,999.0
O=c1c(O)c(-c2ccc(O)c(O)c2)oc2cc(O)cc(O)c12,999.0
O=C(O)c1ccc2ccccc2n1,999.0
CNCC(=O)O,999.0
OCC1OC(OC2(CO)OC(CO)C(O)C2O)C(O)C(O)C1O,999.0
CC(O)=NC(CSC(S)=NCCCCS(C)=O)C(=O)O,999.0
CC(CCC(O)=NCCS(=O)(=O)O)C1CCC2C3CCC4CC(O)CCC4(C)C3CC(O)C12C,999.0
CC(O)C(N)C(=O)O,999.0
O=C(O)C=Cc1cccc(O)c1,999.0
O=C(O)C1CC(O)CN1,999.0
NCCc1c[nH]c2ccccc12,999.0
NC(Cc1c[nH]c2ccccc12)C(=O)O,999.0
NC(Cc1ccc(O)cc1)C(=O)O,999.0
O=c1nc(O)ccn1C1OC(CO)C(O)C1O,999.0
CC(C)C(N)C(=O)O,999.0
COc1cc(C(=O)O)ccc1O,999.0
COc1cc(C=O)ccc1O,999.0
OCC1OC(c2cnc(O)nc2O)C(O)C1O,999.0
CC(CCC(O)=NCC(=O)O)C1CCC2C3C(O)CC4CC(OC5OC(C(=O)O)C(O)C(O)C5O)CCC4(C)C3CCC12C,999.0
N=C(N)NCCCC(N)C(=O)O,999.0
NCCS(=O)(=O)O,999.0
N=C(O)NCCCC(N)C(=O)O,999.0
Nc1nc[nH]c2ncnc1-2,999.0
O=C1OC(C(O)CO)C(O)=C1O,999.0
Oc1nc(O)c2nc(O)[nH]c2n1,999.0
Oc1ccnc(O)n1,999.0
O=C(O)CC(O)(CC(=O)O)C(=O)O,999.0
CSCCC(N)C(=O)O,999.0
O=C(O)C1CCC(O)=N1,999.0
O=c1nc(O)ccn1C1OC(CO)C(O)C1O,999.0
NC(Cc1ccc(O)cc1)C(=O)O,999.0
Nc1ncnc2c1ncn2C1OC(CO)C(O)C1O,999.0
OCC1OC(n2cnc3c(O)ncnc32)C(O)C1O,999.0
CC(C)CC(N)C(=O)O,999.0
CCC(C)C(N)C(=O)O,999.0
CC(C(=O)O)C(=O)O,999.0
O=C(O)CCCC(=O)O,999.0
NC(Cc1ccccc1)C(=O)O,999.0
O=C(O)CCCCC(=O)O,999.0
NC(Cc1c[nH]c2ccccc12)C(=O)O,999.0
O=C(O)CN=C(O)c1ccccc1,999.0
O=C(O)C=Cc1ccc(O)c(O)c1,999.0
O=C(O)Cc1ccccc1,999.0
O=C(O)CCCCCC(=O)O,999.0
O=C(O)C(O)Cc1ccccc1,999.0
O=C(O)CCCCCCCC(=O)O,999.0
CC12CCC(=O)C=C1CCC1C2C(O)CC2(C)C1CCC2(O)C(=O)CO,999.0
CC(CCC(O)=NCCS(=O)(=O)O)C1CCC2C3C(O)CC4CC(O)CCC4(C)C3CC(O)C12C,999.0
CC(CCC(O)=NCC(=O)O)C1CCC2C3C(O)CC4CC(O)CCC4(C)C3CC(O)C12C,999.0
CC(CCC(=O)O)C1CCC2C3C(O)CC4CC(O)CCC4(C)C3CC(O)C12C,999.0
CC(CCC(=O)O)C1CCC2C3C(O)CC4CC(O)CCC4(C)C3CCC12C,999.0
CC(CCC(=O)O)C1CCC2C3CCC4CC(O)CCC4(C)C3CC(O)C12C,999.0
CCCCCCCCCCCCCCCC(=O)OCC(O)COP(=O)([O-])OCC[N+](C)(C)C,999.0
CCCCCCCCC=CCCCCCCCC(=O)OCC(O)COP(=O)([O-])OCC[N+](C)(C)C,999.0
Cc1cc2nc3c(O)nc(=O)nc-3n(CC(O)C(O)C(O)CO)c2cc1C,999.0
CC12CCC(=O)C=C1CCC1C2C(=O)CC2(C)C1CCC2(O)C(=O)CO,999.0
O=C(O)C1CCCN1,999.0
Cn1cnc(CC(N)C(=O)O)c1,999.0
CN1CC(O)=NC1=N,999.0
CN(C)CC(=O)O,999.0
CC1(O)CCOC(=O)C1,999.0
Nc1ccc(C(=O)O)cc1,999.0
Cn1c(=O)c2c(ncn2C)n(C)c1=O,999.0
O=C(O)C(O)Cc1ccc(O)cc1,999.0
CCC(O)C(=O)O,999.0
CCCCCCCCCCCCCCCCC=COCC(O)COP(=O)([O-])OCC[N+](C)(C)C,999.0
CCC(C)(O)C(=O)O,999.0
CC(C)C(O)C(=O)O,999.0
CC(=O)C(C)C(=O)O,999.0
CCC(C)C(=O)C(=O)O,999.0
CC(C)CC(=O)C(=O)O,999.0
CCCC(=O)C(=O)O,999.0
CC(O)C1CCC2C3CCC4CC(=O)CCC4(C)C3CCC12C,999.0
CC(O)C(C)C(=O)O,999.0
CC(C)(O)CC(=O)O,999.0
O=C(O)CCc1ccc(O)c(O)c1,999.0
OCC(O)c1ccc(O)c(O)c1,999.0
Nc1ccc(OS(=O)(=O)O)cc1,999.0
CC(C)(O)C(=O)O,999.0
CC(C)C(=O)C(=O)O,999.0
CCCCCCCCCCCCCCCCOCC(COP(=O)([O-])OCC[N+](C)(C)C)OC(=O)CCCCCCCC(=O)O,999.0
CC(CO)C(=O)O,999.0
[C-]#[S+],999.0
CC(O)C1N=C(O)C2CCCN2C1=O,999.0
CC(C)C1N=C(O)C2CCCN2C1=O,999.0
CS(=O)CCC(N)C(=O)O,999.0
O=C(O)CCCO,999.0
CC(C)CC(N)C(=O)O,999.0
CCCCCC=CCC=CCCCCCCCC(=O)OCC(O)COP(=O)([O-])OCC[N+](C)(C)C,999.0
CCC=CCC=CCC=CCC=CCC=CCCCC(=O)OCC(O)COP(=O)([O-])OCC[N+](C)(C)C,999.0
CCCCCCCCCCCCCCC(=O)OCC(COP(=O)([O-])OCC[N+](C)(C)C)OC(=O)CCCCCCCC(=O)O,999.0
CCC=CCC=CCC=CCC=CCC=CCCCC(=O)OCC(COP(=O)([O-])OCC[N+](C)(C)C)OC(=O)CCCC=CCC=CCC=CCC=CCC=CCC,999.0
CCCCCCCCCCCCCCCC(=O)OCC(COP(=O)([O-])OCC[N+](C)(C)C)OC(=O)CCCC(=O)O,999.0
CCCCCCCCCCCCCCCC(=O)OCC(COP(=O)([O-])OCC[N+](C)(C)C)OC(=O)CCCC=O,999.0
CCC(=O)OC(CC(=O)[O-])C[N+](C)(C)C,999.0
Cc1ncc(C[n+]2csc(CCOP(=O)([O-])O)c2C)c(=N)[nH]1,999.0
CCC(C)C1N=C(O)C(C)N=C1O,999.0
CC(C)CC1N=C(O)C(C)N=C1O,999.0
CC(C)CC1N=C(O)CN=C1O,999.0
CCC(C)C1N=C(O)C(C(C)C)N=C1O,999.0
CC(=O)CCC(=O)O,999.0
CC(C)C(N=C(O)C1CCC(O)=N1)C(=O)O,999.0
CC(C)C(N)C(O)=NC(CCC(=O)O)C(=O)O,999.0
COc1ccc(O)c(C(=O)O)c1,999.0
CC(O)CC(=O)O,999.0
NC(CCC(=O)O)C(=O)O,999.0
CCC(C)C(N=C(O)C(N)CC(=O)O)C(=O)O,999.0
CC(C)CC(N=C(O)C(N)CC(=O)O)C(=O)O,999.0
CCC(C)C(N=C(O)CC(N)C(=O)O)C(=O)O,999.0
CC(C)CC(N=C(O)CC(N)C(=O)O)C(=O)O,999.0
O=C(O)CCC1N=C(O)C(CC(=O)O)N=C1O,999.0
CCC(C)C1N=C(O)C(CC(=O)O)N=C1O,999.0
CC(C)CC1N=C(O)C(CC(=O)O)N=C1O,999.0
CCC(C)C1N=C(O)C(CCC(=O)O)N=C1O,999.0
CC(C)C1N=C(O)C(CCC(=O)O)N=C1O,999.0
CC(C)C1N=C(O)C(Cc2ccccc2)N=C1O,999.0
CC(C)C(N=C(O)C(N)CCC(=O)O)C(=O)O,999.0
CCC(C)C(N)C(O)=NC(CC(=O)O)C(=O)O,999.0
CC(C)CC(N)C(O)=NC(CC(=O)O)C(=O)O,999.0
CSCCC(N=C(O)Cc1ccccc1)C(=O)O,999.0
O=C(O)CC(N=C(O)C1CCC(O)=N1)C(=O)O,999.0
CCC(C)C(N=C(O)C1CCC(O)=N1)C(=O)O,999.0
CC(C)CC(N=C(O)C1CCC(O)=N1)C(=O)O,999.0
NC(Cc1ccccc1)C(O)=NC(CC(=O)O)C(=O)O,999.0
NC(CCCCn1c(C=O)ccc1CO)C(=O)O,999.0
CC12CCC(=O)C=C1CCC1C2CCC2(C)C1CCC2(O)C(=O)CO,999.0
O=C(O)CN=C(O)C=Cc1c[nH]c2ccccc12,999.0
CCC(C)C(N)C(=O)O,999.0
CNC(CC(=O)O)C(=O)O,999.0
O=C(O)CN=C(O)c1cccnc1,999.0
CC12C=CC(=O)C=C1CCC1C2C(O)CC2(C)C1CCC2(O)C(=O)CO,999.0
CC(O)C(N)C(=O)O,999.0
CC(C)C(N)C(=O)O,999.0
O=C(O)CCC1N=C(O)C2CCCN2C1=O,999.0
CC(O)C(N=C(O)C1CCCN1)C(=O)O,999.0
CC(C)C(N=C(O)C(N)Cc1ccccc1)C(=O)O,999.0
CC(C)C(N)C(O)=NC(Cc1ccccc1)C(=O)O,999.0
CN1C(=O)CCC1c1cccnc1,999.0
Cn1cnc2c(ncn2C2OC(CO)C(O)C2O)c1=N,999.0
Cn1c(O)nc2[nH]c(O)nc2c1=O,999.0
Cn1c(O)nc2ncn(C)c2c1=O,999.0
N=c1ccn(C2OC(CO)C(O)C2O)c(S)n1,999.0
NC(CCCC(N)C(=O)O)C(=O)O,999.0
Nc1c(O)cccc1C(=O)CC(N)C(=O)O,999.0
Cn1c(=N)ccn(C2OC(CO)C(O)C2O)c1=O,999.0
Cn1c(=O)nc(O)c2nc[nH]c21,999.0
CC(O)=Nc1ccc(C(=O)O)cc1,999.0
Nc1ccc(O)cc1,999.0
O=Cc1ccc(O)cc1,999.0
O=C(O)Cc1c[nH]c2ccc(O)cc12,999.0
Cc1cn(C2OC(CO)C(O)C2O)c(O)nc1=N,999.0
COc1cc2c(CCN=C(C)O)c[nH]c2cc1O,999.0
C[n+]1cn(C2OC(CO)C(O)C2O)c2[nH]c(=N)nc([O-])c21,999.0
CNC(C)(C)C(=O)O,999.0
OCC1OC(OC2C(CO)OC(O)C(O)C2O)C(O)C(O)C1O,999.0
N=C(N)NCCCC(N)C(=O)O,999.0
CC(C)c1cc2c(c(O)c1O)C13CCCC(C)(C)C1CC2OC3=O,999.0
CC(NCCCCC(N)C(=O)O)C(=O)O,999.0
CC(CCC(=O)O)C1CCC2C3C(O)CC4CC(O)CCC4(C)C3CCC12C,999.0
NC(CCCCNCC(=O)O)C(=O)O,999.0
COC1=C(OC)C(=O)C(CC=C(C)C)=C(C)C1=O,999.0
N=c1ccn(C2OC(CO)C(O)C2O)c(O)n1,999.0
CC(C)(CO)C(O)C(O)=NCCC(O)=NCCSSCCN=C(O)CCN=C(O)C(O)C(C)(C)CO,999.0
CC(CCC(=O)O)C1CCC2C3C(=O)CC4CC(=O)CCC4(C)C3CC(=O)C12C,999.0
OC1=NCCCC1,999.0
NC(CCCC(=O)O)C(=O)O,999.0
O=C(O)C(O)Cc1c[nH]c2ccccc12,999.0
NC(CCCN=C1N=C(O)CN1)C(=O)O,999.0
NC(CCCCN=C(O)CO)C(=O)O,999.0
CC(CCC(O)=NCC(=O)O)C1CCC2C3C(O)CC4CC(O)CCC4(C)C3CCC12C,999.0
CC(CCC(O)=NCC(=O)O)C1CCC2C3C(O)CC4CC(O)CCC4(C)C3CC(O)C12C,999.0
CC(CCC(O)=NCC(=O)O)C1CCC2C3CCC4CC(O)CCC4(C)C3CC(O)C12C,999.0
CC(CCC(O)=NCC(=O)O)C1CCC2C3CCC4CC(O)CCC4(C)C3CCC12C,999.0
N=c1nc(O)c2ncn(C3OC(CO)C(O)C3O)c2[nH]1,999.0
NCCS(=O)O,999.0
Oc1ncnc2[nH]cnc12,999.0
O=Cc1c[nH]c2ccccc12,999.0
OCC1OC(Oc2c[nH]c3ccccc23)C(O)C(O)C1O,999.0
O=C(O)C1OC(Oc2c[nH]c3ccccc23)C(O)C(O)C1O,999.0
OCC1OC(n2cnc3c(O)ncnc32)C(O)C1O,999.0
O=c1c(O)c(-c2ccc(O)cc2)oc2cc(O)cc(O)c12,999.0
NC(CS)C(=O)O,999.0
NC(CSSCC(N)C(=O)O)C(=O)O,999.0
Nc1ccccc1C(=O)CC(N)C(=O)O,999.0
NCCCCC(N)C(=O)O,999.0
NCCCC(N)C(=O)O,999.0
CCCCCCCCCCCC(=O)OC(CC(=O)[O-])C[N+](C)(C)C,999.0
CSCCC(N)C(=O)O,999.0
CC1NC(=NCCCC(N)C(=O)O)N=C1O,999.0
OC1C(O)C(O)C(O)C(O)C1O,999.0
CC(O)=NC(CC(=O)O)C(O)=NC(CCC(=O)O)C(=O)O,999.0
CC(O)=NC(Cc1ccc(O)cc1)C(=O)O,999.0
CCCCCCCCCCCC(=O)N(C)CC(=O)O,999.0
N=C(O)c1cccnc1,999.0
CCCCCCCCC=CCCCCCCCC(=O)OC(CCC(=O)[O-])[N+](C)(C)C,999.0
O=C(O)c1cc(O)nc(O)n1,999.0
Nc1ccc(C(=O)NCC(=O)O)cc1,999.0
O=C(O)C1CCCN1C(=O)C1CCC(O)=N1,999.0
NC(Cc1ccccc1)C(=O)O,999.0
O=C(O)c1ccc2ccccc2n1,999.0
CNCC(=O)O,999.0
OCC1OC(OC2(CO)OC(CO)C(O)C2O)C(O)C(O)C1O,999.0
COc1cc(C(=O)O)cc(OC)c1O,999.0
CC(CCC(O)=NCCS(=O)(=O)O)C1CCC2C3CCC4CC(O)CCC4(C)C3CC(O)C12C,999.0
CC(CCC(O)=NCCS(=O)(=O)O)C1CCC2C3CCC4CC(O)CCC4(C)C3CCC12C,999.0
Cn1cnc2c1c(O)nc(=O)n2C,999.0
O=C(O)C1CC(O)CN1,999.0
NCCc1c[nH]c2ccccc12,999.0
NC(Cc1c[nH]c2ccccc12)C(=O)O,999.0
NC(Cc1ccc(O)cc1)C(=O)O,999.0
O=c1nc(O)ccn1C1OC(CO)C(O)C1O,999.0
COc1cc(C(=O)O)ccc1O,999.0
COc1cc(C=O)ccc1O,999.0
OCC1OC(c2cnc(O)nc2O)C(O)C1O,999.0
N=C(N)NCCCC(N)C(=O)O,999.0
NCCS(=O)(=O)O,999.0
N=C(O)NCCCC(N)C(=O)O,999.0
Nc1nc[nH]c2ncnc1-2,999.0
Oc1nc(O)c2nc(O)[nH]c2n1,999.0
Oc1ccnc(O)n1,999.0
O=C(O)CC(O)(CC(=O)O)C(=O)O,999.0
CSCCC(N)C(=O)O,999.0
O=C(O)C1CCC(O)=N1,999.0
O=c1nc(O)ccn1C1OC(CO)C(O)C1O,999.0
NC(Cc1ccc(O)cc1)C(=O)O,999.0
Nc1ncnc2c1ncn2C1OC(CO)C(O)C1O,999.0
OCC1OC(n2cnc3c(O)ncnc32)C(O)C1O,999.0
CC(C)CC(N)C(=O)O,999.0
CCC(C)C(N)C(=O)O,999.0
CC(C(=O)O)C(=O)O,999.0
O=C(O)CCCC(=O)O,999.0
NC(Cc1ccccc1)C(=O)O,999.0
O=C(O)CCCCC(=O)O,999.0
NC(Cc1c[nH]c2ccccc12)C(=O)O,999.0
O=C(O)CN=C(O)c1ccccc1,999.0
O=C(O)C=Cc1ccc(O)c(O)c1,999.0
O=C(O)Cc1ccccc1,999.0
O=C(O)CCCCCC(=O)O,999.0
O=C(O)C(O)Cc1ccccc1,999.0
O=C(O)CCCCCCCC(=O)O,999.0
CC12CCC(=O)C=C1CCC1C2C(O)CC2(C)C1CCC2(O)C(=O)CO,999.0
CC(CCC(O)=NCCS(=O)(=O)O)C1CCC2C3C(O)CC4CC(O)CCC4(C)C3CC(O)C12C,999.0
CC(CCC(O)=NCC(=O)O)C1CCC2C3C(O)CC4CC(O)CCC4(C)C3CC(O)C12C,999.0
CC(CCC(=O)O)C1CCC2C3C(O)CC4CC(O)CCC4(C)C3CC(O)C12C,999.0
CC(CCC(=O)O)C1CCC2C3C(O)CC4CC(O)CCC4(C)C3CCC12C,999.0
CC(CCC(=O)O)C1CCC2C3CCC4CC(O)CCC4(C)C3CC(O)C12C,999.0
CCCCCCCCCCCCCCCC(=O)OCC(O)COP(=O)([O-])OCC[N+](C)(C)C,999.0
CCCCCCCCC=CCCCCCCCC(=O)OCC(O)COP(=O)([O-])OCC[N+](C)(C)C,999.0
Cc1cc2nc3c(O)nc(=O)nc-3n(CC(O)C(O)C(O)CO)c2cc1C,999.0
CC12CCC(=O)C=C1CCC1C2C(=O)CC2(C)C1CCC2(O)C(=O)CO,999.0
O=C(O)C1CCCN1,999.0
Cn1cnc(CC(N)C(=O)O)c1,999.0
CN1CC(O)=NC1=N,999.0
CN(C)CC(=O)O,999.0
CC1(O)CCOC(=O)C1,999.0
Nc1ccc(C(=O)O)cc1,999.0
Cn1c(=O)c2c(ncn2C)n(C)c1=O,999.0
Cn1cnc2c(ncn2C2OC(CO)C(O)C2O)c1=N,999.0
Cn1c(=N)[nH]c2c(ncn2C2OC(CO)C(O)C2O)c1=O,999.0
OCC1OCC(O)C(O)C1O,999.0
NC(CCCC(=O)O)C(=O)O,999.0
O=C(O)CCC(=O)C(=O)O,999.0
Nc1ncnc2c1ncn2C1OC2COP(=O)(O)OC2C1O,999.0
Nc1ccc(C(=O)O)cc1,999.0
O=C(O)C(O)C(O)C(O)C(O)COP(=O)(O)O,999.0
CC(=O)OC(CC(=O)[O-])C[N+](C)(C)C,999.0
CC(=O)SCCN=C(O)CCN=C(O)C(O)C(C)(C)COP(=O)(O)OP(=O)(O)OCC1OC(n2cnc3c(N)ncnc32)C(O)C1OP(=O)(O)O,999.0
Nc1nc[nH]c2ncnc1-2,999.0
Nc1ncnc2c1ncn2C1OC(CO)C(O)C1O,999.0
Nc1ncnc2c1ncn2C1OC(COP(=O)(O)OP(=O)(O)O)C(O)C1O,999.0
N=C(O)c1ncn(C2OC(COP(=O)(O)O)C(O)C2O)c1N,999.0
Nc1ncnc2c1ncn2C1OC(COP(=O)(O)O)C(O)C1O,999.0
N=C(N)NCCCC(N)C(=O)O,999.0
N=C(NCCCC(N)C(=O)O)NC(CC(=O)O)C(=O)O,999.0
N=C(O)CC(N)C(=O)O,999.0
NC(CC(=O)O)C(=O)O,999.0
Nc1ncnc2c1ncn2C1OC(COP(=O)(O)OP(=O)(O)OP(=O)(O)O)C(O)C1O,999.0
C[N+](C)(C)CC(=O)[O-],999.0
O=C(O)CCCCC1SCC2N=C(O)NC21,999.0
C[N+](C)(C)CCCC(=O)[O-],999.0
CCCC(=O)OC(CC(=O)[O-])C[N+](C)(C)C,999.0
Cn1c(=O)c2c(ncn2C)n(C)c1=O,999.0
C[N+](C)(C)CC(O)CC(=O)[O-],999.0
N=c1ccn(C2OC(COP(=O)(O)OP(=O)(O)O)C(O)C2O)c(O)n1,999.0
C[N+](C)(C)CCOP(=O)(O)OP(=O)([O-])OCC1OC(n2ccc(=N)nc2O)C(O)C1O,999.0
CC(CCC(=O)O)C1CCC2C3C(O)CC4CC(O)CCC4(C)C3CCC12C,999.0
O=C(O)C=C(CC(=O)O)C(=O)O,999.0
CC(O)(CC(=O)O)C(=O)O,999.0
O=C(O)CC(O)(CC(=O)O)C(=O)O,999.0
N=C(O)NCCCC(N)C(=O)O,999.0
N=c1ccn(C2OC(COP(=O)(O)O)C(O)C2O)c(O)n1,999.0
CC(C)(COP(=O)(O)OP(=O)(O)OCC1OC(n2cnc3c(N)ncnc32)C(O)C1OP(=O)(O)O)C(O)C(O)=NCCC(O)=NCCS,999.0
CN(CC(=O)O)C(=N)N,999.0
CN1CC(O)=NC1=N,999.0
N=c1ccn(C2OC(COP(=O)(O)OP(=O)(O)OP(=O)(O)O)C(O)C2O)c(O)n1,999.0
N=c1ccn(C2OC(CO)C(O)C2O)c(O)n1,999.0
CCCCCCCCCC(=O)OC(CC(=O)[O-])C[N+](C)(C)C,999.0
CC(=O)N(O)CCCC1N=C(O)CN=C(O)CN=C(O)CN=C(O)C(CCCN(O)C(C)=O)N=C(O)C(CCCN(O)C(C)=O)N=C1O,999.0
CN(C)C(=N)NCCCC(N)C(=O)O,999.0
CN(C)c1nc(O)c2ncn(C3OC(CO)C(O)C3O)c2n1,999.0
CN(C)C(Cc1cnc[nH]1)C(=O)O,999.0
CN(C)CCCCC(N)C(=O)O,999.0
C[N+]1(C)CCCC1C(=O)[O-],999.0
O=C(O)C(COP(=O)(O)O)OP(=O)(O)O,999.0
CCCCCCCCCCCC(=O)OC(CC(=O)[O-])C[N+](C)(C)C,999.0
C[N+](C)(C)C(Cc1cnc([S-])[nH]1)C(=O)O,999.0
Cc1cc2nc3c(O)nc(=O)nc-3n(CC(O)C(O)C(O)COP(=O)(O)OP(=O)(O)OCC3OC(n4cnc5c(N)ncnc54)C(O)C3O)c2cc1C,999.0
CC(=O)N(O)CCCC1N=C(O)CN=C(O)CN=C(O)CN=C(O)C(CCCN(O)C(C)=O)N=C(O)C(CCCN(O)C(C)=O)N=C1O,999.0
O=P(O)(O)OCC1OC(O)(COP(=O)(O)O)C(O)C1O,999.0
O=P(O)(O)OCC1OC(O)(CO)C(O)C1O,999.0
O=C(O)C=CC(=O)O,999.0
N=c1nc(O)c2ncn(C3OC(COP(=O)(O)OP(=O)(O)O)C(O)C3O)c2[nH]1,999.0
N=c1nc(O)c2ncn(C3OC(COP(=O)(O)OP(=O)(O)OC4OC(CO)C(O)C(O)C4O)C(O)C3O)c2[nH]1,999.0
O=C(O)C(O)C(O)C(O)C(O)CO,999.0
NC1C(O)OC(CO)C(O)C1O,999.0
OCC1OC(O)C(O)C(O)C1O,999.0
O=P(O)(O)OCC1OC(O)C(O)C(O)C1O,999.0
NC(CCC(=O)O)C(=O)O,999.0
COC(=O)C(N)CCC(=O)O,999.0
N=C(O)CCC(N)C(=O)O,999.0
O=C(O)CCCC(=O)O,999.0
NC(CCC(O)=NC(CSSCC(N=C(O)CCC(N)C(=O)O)C(O)=NCC(=O)O)C(O)=NCC(=O)O)C(=O)O,999.0
O=CC(O)COP(=O)(O)O,999.0
O=C(O)C(O)CO,999.0
O=P(O)(O)OC(CO)CO,999.0
C[N+](C)(C)CCOP(=O)([O-])OCC(O)CO,999.0
N=c1nc(O)c2ncn(C3OC(COP(=O)(O)O)C(O)C3O)c2[nH]1,999.0
N=c1nc(O)c2ncn(C3OC(COP(=O)(O)OP(=O)(O)OP(=O)(O)O)C(O)C3O)c2[nH]1,999.0
N=c1nc(O)c2ncn(C3OC(CO)C(O)C3O)c2[nH]1,999.0
CCCCCC(=O)OC(CC(=O)[O-])C[N+](C)(C)C,999.0
O=C(O)CN=C(O)c1ccccc1,999.0
NCCc1cnc[nH]1,999.0
NC(Cc1cnc[nH]1)C(=O)O,999.0
NC(CO)Cc1cnc[nH]1,999.0
CC(O)(CC(=O)O)CC(=O)SCCN=C(O)CCN=C(O)C(O)C(C)(C)COP(=O)(O)OP(=O)(O)OCC1OC(n2cnc3c(N)ncnc32)C(O)C1OP(=O)(O)O,999.0
Oc1ncnc2[nH]cnc12,999.0
O=P(O)(O)OCC1OC(n2cnc3c(O)ncnc32)C(O)C1O,999.0
O=S(=O)(O)Oc1c[nH]c2ccccc12,999.0
OCC1OC(n2cnc3c(O)ncnc32)C(O)C1O,999.0
CCC(C)C(N)C(=O)O,999.0
CC(C)CC(=O)OC(CC(=O)[O-])C[N+](C)(C)C,999.0
Nc1ccccc1C(=O)CC(N)C(=O)O,999.0
CC(C)CC(N)C(=O)O,999.0
NCCCCC(N)C(=O)O,999.0
O=C(O)CC(O)C(=O)O,999.0
CSCCC(N)C(=O)O,999.0
Cn1cnc(CC(N)C(=O)O)c1,999.0
CNCCCCC(N)C(=O)O,999.0
OC1C(O)C(O)C(O)C(O)C1O,999.0
CCC(C)C(N=C(C)O)C(=O)O,999.0
CC(O)=NC(CCCNC(=N)N)C(=O)O,999.0
CC(O)=NC(CC(=O)O)C(=O)O,999.0
CC(O)=NC1C(O)OC(CO)C(O)C1O,999.0
CC(O)=NC(CCC(=O)O)C(=O)O,999.0
CC(O)=NC(CCCN)C(=O)O,999.0
CC(O)=NC(CCCCN)C(=O)O,999.0
CC(O)=NCCCCC(N)C(=O)O,999.0
N=C(O)c1ccc[n+](C2OC(COP(=O)(O)OP(=O)([O-])OCC3OC(n4cnc5c(N)ncnc54)C(O)C3O)C(O)C2O)c1,999.0
N=C(O)C1=CN(C2OC(COP(=O)(O)OP(=O)(O)OCC3OC(n4cnc5c(N)ncnc54)C(O)C3O)C(O)C2O)C=CC1,999.0
N=C(O)c1ccc[n+](C2OC(COP(=O)(O)OP(=O)([O-])OCC3OC(n4cnc5c(N)ncnc54)C(OP(=O)(O)O)C3O)C(O)C2O)c1,999.0
N=C(O)C1=CN(C2OC(COP(=O)(O)OP(=O)(O)OCC3OC(n4cnc5c(N)ncnc54)C(OP(=O)(O)O)C3O)C(O)C2O)C=CC1,999.0
N=C(O)c1cccnc1,999.0
CCCCCCCC(=O)OC(CC(=O)[O-])C[N+](C)(C)C,999.0
CCC(N=C(O)CCC(N)C(=O)O)C(O)=NCC(=O)O,999.0
NCCCC(N)C(=O)O,999.0
CC(C)(CO)C(O)C(O)=NCCC(=O)O,999.0
NC(Cc1ccccc1)C(=O)O,999.0
CN(CC(=O)O)C(=N)NP(=O)(O)O,999.0
C=C(OP(=O)(O)O)C(=O)O,999.0
O=C(O)C1CCCN1,999.0
CCC(=O)OC(CC(=O)[O-])C[N+](C)(C)C,999.0
O=P(O)(O)OCC1OC(OP(=O)(O)OP(=O)(O)O)C(O)C1O,999.0
O=C(O)C1(O)CC(O)C(O)C(O)C1,999.0
O=C(O)c1cccnc1C(=O)O,999.0
Nc1ncnc2c1ncn2C1OC(CSCC(N)C(=O)O)C(O)C1O,999.0
Nc1ncnc2c1ncn2C1OC(CSCCC(N)C(=O)O)C(O)C1O,999.0
C[S+](CCC(N)C(=O)[O-])CC1OC(n2cnc3c(N)ncnc32)C(O)C1O,999.0
CSc1ncc(CC(C(=O)[O-])[N+](C)(C)C)[nH]1,999.0
NC(CCCCNC(CCC(=O)O)C(=O)O)C(=O)O,999.0
Nc1c(C(O)=NC(CC(=O)O)C(=O)O)ncn1C1OC(COP(=O)(O)O)C(O)C1O,999.0
O=C(CO)C(O)C(O)C(O)C(O)COP(=O)(O)O,999.0
NC(CO)C(=O)O,999.0
O=C(O)CCC(=O)O,999.0
NCCS(=O)(=O)O,999.0
CCCCCCCCCCCCCC(=O)OC(CC(=O)[O-])C[N+](C)(C)C,999.0
CC(O)C(N)C(=O)O,999.0
OCC1OC(OC2OC(CO)C(O)C(O)C2O)C(O)C(O)C1O,999.0
O=P(O)(O)OCC1OC(OC2OC(CO)C(O)C(O)C2O)C(O)C(O)C1O,999.0
C[N+](C)(C)C(Cc1cnc[nH]1)C(=O)[O-],999.0
C[N+](C)(C)CCCCC(N)C(=O)[O-],999.0
C[N+](C)(C)C(C(=O)[O-])c1ccccc1,999.0
C[N+](C)(C)C(Cc1c[nH]c2ccccc12)C(=O)[O-],999.0
NC(Cc1c[nH]c2ccccc12)C(=O)O,999.0
NC(Cc1ccc(O)cc1)C(=O)O,999.0
O=c1nc(O)ccn1C1OC(COP(=O)(O)OP(=O)(O)O)C(O)C1O,999.0
CC(O)=NC1C(OP(=O)(O)OP(=O)(O)OCC2OC(n3ccc(O)nc3=O)C(O)C2O)OC(CO)C(O)C1O,999.0
O=c1nc(O)ccn1C1OC(COP(=O)(O)OP(=O)(O)OC2OC(CO)C(O)C(O)C2O)C(O)C1O,999.0
O=C(O)C1OC(OP(=O)(O)OP(=O)(O)OCC2OC(n3ccc(O)nc3=O)C(O)C2O)C(O)C(O)C1O,999.0
O=c1nc(O)ccn1C1OC(COP(=O)(O)O)C(O)C1O,999.0
Oc1ccnc(O)n1,999.0
Oc1nc(O)c2nc(O)[nH]c2n1,999.0
O=c1nc(O)ccn1C1OC(CO)C(O)C1O,999.0
O=c1nc(O)ccn1C1OC(COP(=O)(O)OP(=O)(O)OP(=O)(O)O)C(O)C1O,999.0
CC(C)C(N)C(=O)O,999.0
CC(C)=CCCC(C)(OC1OC(COC2OC(CO)C(O)C(O)C2O)C(O)C(O)C1O)C1CCC2(C)C1C(O)CC1C3(C)CCC(OC4OC(CO)C(O)C(O)C4OC4OC(CO)C(O)C(O)C4O)C(C)(C)C3CCC12C,999.0
CC(C)=CCCC(C)(OC1OC(COC2OC(CO)C(O)C2O)C(O)C(O)C1O)C1CCC2(C)C1C(O)CC1C3(C)CCC(OC4OC(CO)C(O)C(O)C4OC4OC(CO)C(O)C(O)C4O)C(C)(C)C3CCC12C,999.0
CC(C)=CCCC(C)(OC1OC(CO)C(O)C(O)C1O)C1CCC2(C)C1C(O)CC1C3(C)CCC(OC4OC(CO)C(O)C(O)C4OC4OC(CO)C(O)C(O)C4O)C(C)(C)C3CCC12C,999.0
CC(CC(O)C(O)C(C)(C)O)C1=C2CC(O)C3C4(C)CCC(=O)C(C)(C)C4CCC3(C)C2(C)CC1,999.0
CC(CC(O)C1OC1(C)C)C1=C2CC(O)C3C4(C)CCC(=O)C(C)(C)C4CCC3(C)C2(C)CC1,999.0
CC(=O)OC(CC(C)C1=C2CC(O)C3C4(C)CCC(=O)C(C)(C)C4CCC3(C)C2(C)CC1)C1OC1(C)C,999.0
CC(C)(O)C1CCC(C)(C2C(O)CC3(C)C4CC(OC5OC(CO)C(O)C(O)C5O)C5C(C)(C)C(OC6OCC(O)C(O)C6O)CCC56CC46CCC23C)O1,999.0
CC12CCC(O)CC1CCC1C2CCC2(C)C(c3ccc(=O)oc3)CCC12O,999.0
CC(=O)OC1CC2(O)C3CCC4CC(O)CCC4(C)C3CCC2(C)C1c1ccc(=O)oc1,999.0
CC(C)=CCCC(C)(OC1OC(CO)C(O)C(O)C1O)C1CCC2(C)C1C(O)CC1C3(C)CCC(O)C(C)(C)C3C(OC3OC(CO)C(O)C(O)C3OC3OC(C)C(O)C(O)C3O)CC12C,999.0
CC(C)=CCCC(C)(OC1OC(COC2OC(CO)C(O)C(O)C2O)C(O)C(O)C1O)C1CCC2(C)C1C(O)CC1C3(C)CCC(OC4OC(CO)C(O)C(O)C4OC4OC(CO)C(O)C(O)C4O)C(C)(C)C3CCC12C,999.0
CC(C)=CCCC(C)(OC1OC(COC2OC(CO)C(O)C2O)C(O)C(O)C1O)C1CCC2(C)C1C(O)CC1C3(C)CCC(OC4OC(CO)C(O)C(O)C4OC4OC(CO)C(O)C(O)C4O)C(C)(C)C3CCC12C,999.0
CC(C)=CCCC(C)(OC1OC(CO)C(O)C(O)C1O)C1CCC2(C)C1C(O)CC1C3(C)CCC(OC4OC(CO)C(O)C(O)C4OC4OC(CO)C(O)C(O)C4O)C(C)(C)C3CCC12C,999.0
CC(C)(O)C1CCC(C)(C2C(O)CC3(C)C4CC(OC5OC(CO)C(O)C(O)C5O)C5C(C)(C)C(OC6OCC(O)C(O)C6O)CCC56CC46CCC23C)O1,999.0
CC12CCC(O)CC1CCC1C2CCC2(C)C(c3ccc(=O)oc3)CCC12O,999.0
CC(=O)OC1CC2(O)C3CCC4CC(O)CCC4(C)C3CCC2(C)C1c1ccc(=O)oc1,999.0
CC(C)=CCCC(C)(OC1OC(CO)C(O)C(O)C1O)C1CCC2(C)C1C(O)CC1C3(C)CCC(O)C(C)(C)C3C(OC3OC(CO)C(O)C(O)C3OC3OC(C)C(O)C(O)C3O)CC12C,999.0
CC(C)=CCCC(C)(OC1OC(COC2OC(CO)C(O)C(O)C2O)C(O)C(O)C1O)C1CCC2(C)C1C(O)CC1C3(C)CCC(OC4OC(CO)C(O)C(O)C4OC4OC(CO)C(O)C(O)C4O)C(C)(C)C3CCC12C,999.0
CC(C)=CCCC(C)(OC1OC(COC2OC(CO)C(O)C2O)C(O)C(O)C1O)C1CCC2(C)C1C(O)CC1C3(C)CCC(OC4OC(CO)C(O)C(O)C4OC4OC(CO)C(O)C(O)C4O)C(C)(C)C3CCC12C,999.0
CC(C)=CCCC(C)(OC1OC(CO)C(O)C(O)C1O)C1CCC2(C)C1C(O)CC1C3(C)CCC(O)C(C)(C)C3C(OC3OC(CO)C(O)C(O)C3O)CC12C,999.0
CC1(C(=O)O)CCC2(C)CCC3(C)C(=CC(=O)C4C5(C)CCC(OC6OC(C(=O)O)C(O)C(O)C6OC6OC(C(=O)O)C(O)C(O)C6O)C(C)(C)C5CCC43C)C2C1,999.0
CC1OC(OC2CCC3(C)C(CCC4(C)C3C=CC35OCC6(CCC(C)(C)CC63)C(O)CC45C)C2(C)CO)C(O)C(OC2OC(CO)C(O)C(O)C2O)C1O,999.0
COc1c(O)cc(O)c2c(=O)cc(-c3ccccc3)oc12,999.0
O=c1cc(-c2ccccc2)oc2cc(O)c(O)c(O)c12,999.0
O=C(O)C1OC(Oc2cc3oc(-c4ccccc4)cc(=O)c3c(O)c2O)C(O)C(O)C1O,999.0
COc1ccc(C2CC(=O)c3c(O)cc(OC4OC(COC5OC(C)C(O)C(O)C5O)C(O)C(O)C4O)cc3O2)cc1O,999.0
COc1ccc(C2CC(=O)c3c(O)cc(OC4OC(COC5OC(C)C(O)C(O)C5O)C(O)C(O)C4O)cc3O2)cc1O,999.0
CC1OC(OC2C(Oc3cc(O)c4c(c3)OC(c3ccc(O)cc3)CC4=O)OC(CO)C(O)C2O)C(O)C(O)C1O,999.0
O=c1c(-c2ccc(O)cc2)coc2c(C3OC(CO)C(O)C(O)C3O)c(O)ccc12,999.0
CC(C)=CCCC(C)(OC1OC(CO)C(O)C(O)C1O)C1CCC2(C)C1C(O)CC1C3(C)CCC(O)C(C)(C)C3C(OC3OC(CO)C(O)C(O)C3O)CC12C,999.0
CC1OC(OC2CCC3(C)C(CCC4(C)C3C=CC35OCC6(CCC(C)(C)CC63)C(O)CC45C)C2(C)CO)C(O)C(OC2OC(CO)C(O)C(O)C2O)C1O,999.0
COc1c(O)cc(O)c2c(=O)cc(-c3ccccc3)oc12,999.0
O=C(O)C1OC(Oc2cc3oc(-c4ccccc4)cc(=O)c3c(O)c2O)C(O)C(O)C1O,999.0
COc1ccc(C2CC(=O)c3c(O)cc(OC4OC(COC5OC(C)C(O)C(O)C5O)C(O)C(O)C4O)cc3O2)cc1O,999.0
COc1ccc(C2CC(=O)c3c(O)cc(OC4OC(COC5OC(C)C(O)C(O)C5O)C(O)C(O)C4O)cc3O2)cc1O,999.0
COc1ccc(-c2oc3c(CC=C(C)C)c(OC4OC(CO)C(O)C(O)C4O)cc(O)c3c(=O)c2OC2OC(C)C(O)C(O)C2O)cc1,999.0
CC(=O)OC1C(c2ccc(=O)oc2)C2(C)CCC3C(CCC4CC(O)CCC43C)C23OC13,999.0
CC(=O)OC1C(c2ccc(=O)oc2)C2(C)CCC3C(CCC4(O)CC(O)CCC34C)C23OC13,999.0
COCC12CN(C)C3C4C(OC)C1C3(C(OC)CC2O)C1CC2(O)C(OC)C(O)C4(O)C1C2OC(=O)c1ccccc1,999.0
COc1ccc2c(c1OC)=CN1CCc3cc4c(cc3[C]1C=2)OCO4,999.0
C1=c2ccc3c(c2=CN2CCc4cc5c(cc4[C]12)OCO5)OCO3,999.0
COc1cc2c(cc1OC)[C]1C(C)=c3ccc(OC)c(OC)c3=CN1CC2,999.0
CC(C)=CCCC(C)(OC1OC(COC2OC(CO)C(O)C(O)C2O)C(O)C(O)C1O)C1CCC2(C)C1C(O)CC1C3(C)CCC(OC4OC(CO)C(O)C(O)C4OC4OC(CO)C(O)C(O)C4O)C(C)(C)C3CCC12C,999.0
CC(C)=CCCC(C)(OC1OC(CO)C(O)C(O)C1O)C1CCC2(C)C1C(O)CC1C3(C)CCC(OC4OC(CO)C(O)C(O)C4OC4OC(CO)C(O)C(O)C4O)C(C)(C)C3CCC12C,999.0
CC(C)=CCCC(C)(OC1OC(CO)C(O)C(O)C1O)C1CCC2(C)C1C(O)CC1C3(C)CCC(O)C(C)(C)C3C(OC3OC(CO)C(O)C(O)C3OC3OC(C)C(O)C(O)C3O)CC12C,999.0
CC(C)=CCCC(C)(OC1OC(COC2OC(CO)C(O)C2O)C(O)C(O)C1O)C1CCC2(C)C1C(O)CC1C3(C)CCC(OC4OC(CO)C(O)C(O)C4OC4OC(CO)C(O)C(O)C4O)C(C)(C)C3CCC12C,999.0
CC1OC(OC2CCC3(C)C(CCC4(C)C3C=CC35OCC6(CCC(C)(C)CC63)C(O)CC45C)C2(C)CO)C(O)C(OC2OC(CO)C(O)C(O)C2O)C1O,999.0
CC1OC(OC2C(COC3OC(CO)C(O)C(O)C3O)OC(OC3CCC4(C)C(CCC5(C)C4C=CC46OCC7(CCC(C)(C)CC74)C(O)CC56C)C3(C)C)C(O)C2O)C(O)C(O)C1O,999.0
CC1OC(OC2CCC3(C)C(CCC4(C)C3C=CC35OCC6(CCC(C)(C)CC63)C(O)CC45C)C2(C)CO)C(O)C(OC2OC(CO)C(O)C(O)C2O)C1O,999.0
CC(C)(O)C1CCC(C)(C2C(O)CC3(C)C4CC(OC5OC(CO)C(O)C(O)C5O)C5C(C)(C)C(OC6OCC(O)C(O)C6O)CCC56CC46CCC23C)O1,999.0
O=C(O)C1OC(Oc2cc3oc(-c4ccccc4)cc(=O)c3c(O)c2O)C(O)C(O)C1O,999.0
O=c1c(-c2ccc(O)cc2)coc2c(C3OC(CO)C(O)C(O)C3O)c(O)ccc12,999.0
COc1c(O)cc(O)c2c(=O)cc(-c3ccccc3)oc12,999.0
O=c1cc(-c2ccc(O)cc2)oc2cc(O)cc(O)c12,999.0
COc1c(O)cc2c(c1O)C1OC(CO)C(O)C(O)C1OC2=O,999.0
O=c1cc(-c2ccc(O)c(-c3c(O)cc(O)c4c(=O)cc(-c5ccc(O)cc5)oc34)c2)oc2cc(O)cc(O)c12,999.0
COc1ccc(-c2cc(=O)c3c(O)cc(OC4OC(COC5OC(C)C(O)C(O)C5O)C(O)C(O)C4O)cc3o2)cc1,999.0
COc1cc(OC)c2c(=O)c(O)c(-c3ccc(OC)c(OC)c3)oc2c1,999.0
COc1cc2oc(-c3ccccc3)cc(=O)c2c(OC)c1OC,999.0
COc1cc(-c2cc(=O)c3c(O)cc(O)cc3o2)ccc1O,999.0
COc1cc2oc(-c3ccc(O)c(O)c3)cc(=O)c2c(O)c1OC,999.0
COc1cc2oc(-c3ccc(OC4OC(CO)C(O)C(O)C4O)cc3)cc(=O)c2c(O)c1OC,999.0
COc1ccc(-c2cc(=O)c3c(O)cc(O)cc3o2)cc1O,999.0
COc1ccc(-c2cc(=O)c3c(O)c(C4OC(CO)C(O)C(O)C4OC4OC(C)C(O)C(O)C4O)c(OC)cc3o2)cc1,999.0
COc1cc2oc(-c3ccc(OC4OC(CO)C(O)C(O)C4O)cc3)cc(=O)c2c(O)c1C1OC(CO)C(O)C(O)C1O,999.0
COc1ccc(-c2cc(=O)c3c(O)cc(OC4OC(CO)C(O)C(O)C4OC4OC(C)C(O)C(O)C4O)cc3o2)cc1,999.0
O=c1c(-c2ccc(O)cc2)coc2cc(O)cc(O)c12,999.0
CC1(C)CCC2(C(=O)O)CCC3(C)C(=CCC4C5(C)CCC(O)C(C)(CO)C5CCC43C)C2C1,999.0
O=C1CC(c2ccc(OC3OC(CO)C(O)C(O)C3O)cc2)Oc2cc(O)ccc21,999.0
COc1cc(O)c2c(c1)OC(c1ccc(O)cc1)CC2=O,999.0
O=c1cc(-c2ccc(O)c(O)c2)oc2cc(O)cc(O)c12,999.0
O=c1cc(-c2ccc(O)c(O)c2)oc2cc(OC3OC(CO)C(O)C(O)C3O)cc(O)c12,999.0
O=c1c2cc(O)c(O)cc2oc2cc(O)c(C3OC(CO)C(O)C(O)C3O)c(O)c12,999.0
O=c1c(O)c(-c2ccc(O)cc2O)oc2cc(O)cc(O)c12,999.0
O=c1c(O)c(-c2cc(O)c(O)c(O)c2)oc2cc(O)cc(O)c12,999.0
CC1OC(Oc2c(-c3cc(O)c(O)c(O)c3)oc3cc(O)cc(O)c3c2=O)C(O)C(O)C1O,999.0
COc1ccc(C2CC(=O)c3c(O)cc(OC4OC(COC5OC(C)C(O)C(O)C5O)C(O)C(O)C4O)cc3O2)cc1,999.0
CC1(C)CCC2(C(=O)O)CCC3(C)C(=CCC4C5(C)CCC(O)C(C)(C)C5CCC43C)C2C1,999.0
COc1ccc(-c2cc(=O)c3c(O)c(OC)c(OC4OC(COC5OC(C)C(O)C(O)C5O)C(O)C(O)C4O)cc3o2)cc1,999.0
O=C(CCc1ccc(O)cc1)c1c(O)cc(O)cc1O,999.0
COc1ccc(-c2cc(=O)c3c(OC)c(OC)c(OC)c(OC)c3o2)cc1,999.0
O=C1CC(c2ccc(O)cc2)Oc2cc(OC3OC(CO)C(O)C(O)C3O)cc(O)c21,999.0
COc1cc(OC)c2c(=O)c(O)c(-c3ccc(OC)c(OC)c3)oc2c1,999.0
O=c1c(O)c(-c2ccc(O)c(O)c2)oc2cc(O)cc(O)c12,999.0
CC(=O)Oc1cc(OC(C)=O)c2c(=O)c(OC(C)=O)c(-c3ccc(OC(C)=O)c(OC(C)=O)c3)oc2c1,999.0
O=c1c(OC2OC(CO)C(O)C(O)C2O)c(-c2ccc(O)c(O)c2)oc2cc(O)cc(O)c12,999.0
O=c1c(OC2OCC(O)C(O)C2O)c(-c2ccc(O)c(O)c2)oc2cc(O)cc(O)c12,999.0
CC1OC(OC2C(Oc3cc(O)c4c(=O)cc(-c5ccc(O)cc5)oc4c3)OC(CO)C(O)C2O)C(O)C(O)C1O,999.0
CC1OC(OCC2OC(Oc3c(-c4ccc(O)cc4)oc4cc(OC5OC(C)C(O)C(O)C5O)cc(O)c4c3=O)C(O)C(O)C2O)C(O)C(O)C1O,999.0
COc1ccc(-c2cc(=O)c3c(OC(C)=O)cc(OC(C)=O)cc3o2)cc1,999.0
COc1cc(C2c3cc4c(cc3CC3COC(=O)C32)OCO4)cc(OC)c1OC,999.0
O=C(O)C1OC(Oc2cc3oc(-c4ccccc4)cc(=O)c3c(O)c2O)C(O)C(O)C1O,999.0
COc1c(O)cc2oc(-c3ccccc3)cc(=O)c2c1OC,999.0
CC(CCC(=O)O)C1CCC2C3C(O)CC4CC(O)CCC4(C)C3CC(O)C12C,999.0
O=C1c2c(O)cc(O)cc2OC(c2ccc(O)cc2)C1c1c(O)cc(O)c2c(=O)cc(-c3ccc(O)c(O)c3)oc12,999.0
O=c1cc(-c2ccc(O)cc2)oc2cc(OC3OC(CO)C(O)C(O)C3O)cc(O)c12,999.0
CC(CCC(=O)O)C1CCC2C3CCC4CC(O)CCC4(C)C3CC(O)C12C,999.0
COc1ccc(-c2cc(=O)c3c(O)cc(OC4OC(COC5OC(CO)C(O)C5O)C(O)C(O)C4O)cc3o2)cc1O,999.0
COc1cc2oc(-c3ccc(OC4OC(CO)C(O)C(O)C4O)cc3)cc(=O)c2c(O)c1OC,999.0
CC1(C)CCC2(C(=O)OC3OC(CO)C(O)C(O)C3O)CCC3(C)C(=CCC4C5(C)CCC(OC6OC(C(=O)O)C(O)C(O)C6OC6OC(CO)C(O)C(O)C6O)C(C)(C)C5CCC43C)C2C1,999.0
CC(C)=CCCC(C)(OC1OC(CO)C(O)C(O)C1O)C1CCC2(C)C1C(O)CC1C3(C)CCC(O)C(C)(C)C3C(OC3OC(CO)C(O)C(O)C3O)CC12C,999.0
CC1OC(OC2CCC3(C)C(CCC4(C)C3C=CC3=C5CC(C)(C)CCC5(CO)C(O)CC34C)C2(C)CO)C(O)C(OC2OC(CO)C(O)C(O)C2O)C1O,999.0
CC1OC(OC2C(COC3OC(CO)C(O)C(O)C3O)OC(OC3CCC4(C)C(CCC5(C)C4C=CC46OCC7(CCC(C)(C)CC74)C(O)CC56C)C3(C)C)C(O)C2O)C(O)C(O)C1O,999.0
CC1OC(OC2CCC3(C)C(CCC4(C)C3C=CC35OCC6(CCC(C)(C)CC63)C(O)CC45C)C2(C)CO)C(O)C(OC2OC(CO)C(O)C(O)C2O)C1O,999.0
CC(C)=CCCC(C)(O)C1CCC2(C)C1C(O)CC1C3(C)CCC(OC4OC(COC5OCC(O)C(O)C5O)C(O)C(O)C4OC4OC(CO)C(O)C(O)C4O)C(C)(C)C3CCC12C,999.0
CC1(C)CCC2(C(=O)OC3OC(CO)C(O)C(O)C3O)CCC3(C)C(=CCC4C5(C)CCC(OC6OC(C(=O)O)C(OC7OC(CO)C(O)C7O)C(O)C6O)C(C)(C)C5CCC43C)C2C1,999.0
O=C(O)c1cc(O)c2c(c1)C(C1c3cc(C(=O)O)cc(O)c3C(=O)c3c(OC4OC(CO)C(O)C(O)C4O)cccc31)c1cccc(OC3OC(CO)C(O)C(O)C3O)c1C2=O,999.0
CC(C)(OC1OC(CO)C(O)C(O)C1O)C1Cc2cc3ccc(=O)oc3cc2O1,999.0
CC1(C)OC2CC(=O)OCC23C1CC(=O)C1(C)C3CCC2(C)C(c3ccoc3)OC(=O)C3OC321,999.0
COc1ccc(C2CC(=O)c3c(O)cc(OC4OC(COC5OC(C)C(O)C(O)C5O)C(O)C(O)C4O)cc3O2)cc1O,999.0
COc1ccc(C2CC(=O)c3c(O)cc(OC4OC(COC5OC(C)C(O)C(O)C5O)C(O)C(O)C4O)cc3O2)cc1O,999.0
COc1ccc(-c2oc3c(CC=C(C)C)c(OC4OC(CO)C(O)C(O)C4O)cc(O)c3c(=O)c2OC2OC(C)C(O)C(O)C2O)cc1,999.0
CN1C2CCC1CC(OC(=O)C(CO)c1ccccc1)C2,999.0
COc1ccc(-c2oc3c(CC=C(C)C)c(OC4OC(CO)C(O)C(O)C4O)cc(O)c3c(=O)c2OC2OC(C)C(O)C(O)C2O)cc1,999.0
COc1cc2oc(-c3ccc(O)c(O)c3)cc(=O)c2c(O)c1OC,999.0
O=c1cc(-c2ccc(O)cc2)oc2cc(OC3OC(CO)C(O)C(O)C3O)cc(O)c12,999.0
O=C1OC(c2ccc(O)cc2)Cc2cccc(O)c21,999.0
COc1cc(-c2coc3cc(OC4OC(CO)C(O)C(O)C4O)c(OC)c(O)c3c2=O)cc(O)c1OC,999.0
COc1ccc(-c2coc3cc(OC4OC(CO)C(O)C(O)C4O)c(OC)c(O)c3c2=O)cc1O,999.0
CC1OC(OC2C(=O)c3c(O)cc(O)cc3OC2c2ccc(O)cc2)C(O)C(O)C1O,999.0
O=c1c(OC2OC(CO)C(O)C(O)C2O)c(-c2ccc(O)c(O)c2)oc2cc(O)cc(O)c12,999.0
COc1cc(-c2oc3cc(O)cc(O)c3c(=O)c2O)ccc1O,999.0
O=c1c(OC2OC(CO)C(O)C2O)c(-c2ccc(O)cc2)oc2cc(O)cc(O)c12,999.0
CC1OC(Oc2cc(O)c3c(=O)c(OC4OC(C)C(O)C(O)C4O)c(-c4ccc(O)cc4)oc3c2)C(O)C(O)C1O,999.0
O=c1c(O)c(-c2ccc(O)cc2)oc2cc(O)cc(O)c12,999.0
CC1OC(OC2C(Oc3c(-c4ccc(O)cc4)oc4cc(O)cc(O)c4c3=O)OC(CO)C(O)C2O)C(O)C(O)C1O,999.0
CC1OC(Oc2cc(O)c3c(=O)c(OC4OC(C)C(O)C(O)C4O)c(-c4ccc(O)cc4)oc3c2)C(O)C(O)C1O,999.0
COc1ccc(-c2cc(=O)c3c(O)cc(OC4OC(CO)C(O)C(O)C4OC4OC(C)C(O)C(O)C4O)cc3o2)cc1,999.0
COc1ccc(-c2cc(=O)c3c(O)cc(O)cc3o2)cc1O,999.0
O=C1c2ccc(O)cc2OC(c2ccc(O)c(O)c2)C1O,999.0
COc1c(OC(C)=O)cc2oc(-c3ccc(OC(C)=O)cc3)cc(=O)c2c1OC(C)=O,999.0
CC12CC3(O)OC(O1)C1(COC(=O)c4ccccc4)C3CC21OC1OC(CO)C(O)C(O)C1O,999.0
CC12CC(O)C3CC1(OC1OC(CO)C(O)C(O)C1O)C3(COC(=O)c1ccccc1)C(=O)O2,999.0
COc1cc2ccc(=O)oc2c(OC)c1O,999.0
CCCCCC(O)CC(=O)CCc1ccc(O)c(OC)c1,999.0
O=C(C=Cc1ccc(O)cc1)CC(=O)C=Cc1ccc(O)cc1,999.0
COc1cc(C=CC(=O)CC(=O)C=Cc2ccc(O)c(OC)c2)ccc1O,999.0
COc1cc(CN=C(O)CCCCC=CC(C)C)ccc1O,999.0
CC1OC(OCC2OC(Oc3c(-c4ccc(O)c(O)c4)oc4cc(O)cc(O)c4c3=O)C(O)C(O)C2O)C(O)C(O)C1O,999.0
COc1ccc(-c2cc(=O)c3c(O)c(OC)c(OC)cc3o2)cc1,999.0
O=c1cc(-c2ccc(O)cc2)oc2cc(OC3OC(CO)C(O)C(O)C3O)c(C3OC(CO)C(O)C(O)C3O)c(O)c12,999.0
COc1cc(-c2cc(=O)c3c(O)cc(O)c(C4OC(CO)C(O)C(O)C4O)c3o2)ccc1O,999.0
CC(=O)Oc1ccc(-c2cc(=O)c3c(OC(C)=O)c(OC(C)=O)c(OC(C)=O)cc3o2)cc1,999.0
